,SMILES,labels,Publication,logBB
0,CC(C)=O,0,LightBBB,
1,CCCCO,0,LightBBB,
2,CCO,0,LightBBB,
3,CO,0,LightBBB,
4,N#[N+][O-],0,LightBBB,
5,CCCO,0,LightBBB,
6,NC(N)=O,0,LightBBB,
7,O=C1NC(=O)C(c2ccccc2)(c2ccccc2)N1,0,LightBBB,
8,Nc1c2c(nc3ccccc13)CCCC2,0,LightBBB,
9,CCCC(=O)Nc1ccc(OCC(O)CNC(C)C)c(C(C)=O)c1,0,LightBBB,
10,Cc1nnc2n1-c1ccc(Cl)cc1C(c1ccccc1)=NC2,0,LightBBB,
11,CCC1(CCC(C)C)C(=O)NC(=O)NC1=O,0,LightBBB,
12,Cc1cc(=O)n(-c2ccccc2)n1C,0,LightBBB,
13,CCC1(CC)C(=O)NC(=O)NC1=O,0,LightBBB,
14,Cn1c(=O)c2c(ncn2C)n(C)c1=O,0,LightBBB,
15,NC(=O)N1c2ccccc2C=Cc2ccccc21,0,LightBBB,
16,CCOc1ccccc1C(N)=O,0,LightBBB,
17,CCOCC,0,LightBBB,
18,CN1C(=O)CN=C(c2ccccc2F)c2cc([N+](=O)[O-])ccc21,0,LightBBB,
19,O=C(O)c1cc(O)ccc1O,0,LightBBB,
20,CN1C(=O)NC(=O)C(C)(C2=CCCCC2)C1=O,0,LightBBB,
21,CC(C)Cc1ccc(C(C)C(=O)O)cc1,0,LightBBB,
22,CCN(CC)CC(=O)Nc1c(C)cccc1C,1,LightBBB,
23,CC(C)O,0,LightBBB,
24,CN(C)C(=O)C(CCN1CCC(O)(c2ccc(Cl)cc2)CC1)(c1ccccc1)c1ccccc1,1,LightBBB,
25,Cc1ccnc2c1NC(=O)c1cccnc1N2C1CC1,0,LightBBB,
26,Cn1c(=O)[nH]c2ncn(C)c2c1=O,0,LightBBB,
27,CCCC(C)C1(CC)C(=O)NC(=O)NC1=O,0,LightBBB,
28,CC(C)NCC(O)COc1cccc2[nH]ccc12,0,LightBBB,
29,CCC1(c2ccccc2)C(=O)NCNC1=O,0,LightBBB,
30,CCN(CC)CCOC(=O)c1ccc(N)cc1,0,LightBBB,
31,CC(C)NCC(O)COc1cccc2ccccc12,1,LightBBB,
32,COc1ccc(CN(CCN(C)C)c2ccccn2)cc1,1,LightBBB,
33,Cc1nc2n(c(=O)c1CCN1CCC(c3noc4cc(F)ccc34)CC1)CCCC2,0,LightBBB,
34,CC(C)(C)c1ccc(C(O)CCCN2CCC(C(O)(c3ccccc3)c3ccccc3)CC2)cc1,1,LightBBB,
35,CSc1ccc2c(c1)N(CCC1CCCCN1C)c1ccccc1S2,1,LightBBB,
36,C1CCc2nnnn2CC1,0,LightBBB,
37,C=CC1CN2CCC1CC2C(O)c1ccnc2ccc(OC)cc12,0,LightBBB,
38,CNC(=O)Oc1ccc2c(c1)C1(C)CCN(C)C1N2C,0,LightBBB,
39,Cc1c(N(C)C)c(=O)n(-c2ccccc2)n1C,0,LightBBB,
40,C1CC1,0,LightBBB,
41,C1CO1,0,LightBBB,
42,CCC(C)(C)O,0,LightBBB,
43,CC(C)CO,0,LightBBB,
44,CCC(C)=O,0,LightBBB,
45,ClCC(Cl)Cl,0,LightBBB,
46,COC(C)=O,0,LightBBB,
47,CC(C)(c1ccc(O)cc1)c1ccc(O)cc1,0,LightBBB,
48,C=CC=C,0,LightBBB,
49,CCCC(C)=O,0,LightBBB,
50,C=CC,0,LightBBB,
51,Cc1c(I)c(=O)n(-c2ccccc2)n1C,0,LightBBB,
52,CCC(C)CO,0,LightBBB,
53,CCOC(C)=O,0,LightBBB,
54,C=CCC1(C(C)C#CCC)C(=O)NC(=O)N(C)C1=O,0,LightBBB,
55,FC(F)=CCl,0,LightBBB,
56,CCC1(O)CC2CN(CCc3c([nH]c4ccccc34)C(C(=O)OC)(c3cc4c(cc3OC)N(C)C3C(O)(C(=O)OC)C(OC(C)=O)C5(CC)C=CCN6CCC43C65)C2)C1,0,LightBBB,
57,Cc1cccc(OCC(O)CNC(C)C)c1,1,LightBBB,
58,NC(=O)C1c2ccccc2C=Cc2ccccc21,0,LightBBB,
59,CCC(O)(CC(N)=O)c1ccccc1,0,LightBBB,
60,O=[N+]([O-])c1nccn1CC(O)CF,0,LightBBB,
61,Cc1cc(=O)n(-c2ccc(F)cc2)n1C,0,LightBBB,
62,CCC1(C)C(=O)NC(=O)NC1=O,0,LightBBB,
63,OCc1ncc2n1-c1ccc(Cl)cc1C(c1ccccc1F)=NC2,0,LightBBB,
64,CCOC(=O)c1ncn2c1CN(CCF)C(=O)c1cc(F)ccc1-2,0,LightBBB,
65,O=C(CCCN1CCC2(CC1)C(=O)NCN2c1ccc(Br)cc1)c1ccc(F)cc1,0,LightBBB,
66,CN1C2CCC1CC(OC(=O)C(CO)c1ccccc1)C2,0,LightBBB,
67,CCCCCCCC1(CC)C(=O)NC(=O)NC1=O,0,LightBBB,
68,CCCC1(CC)C(=O)NC(=O)NC1=O,0,LightBBB,
69,CCC(=C(c1ccccc1)c1ccc(OCCN(C)C)cc1)c1ccccc1,1,LightBBB,
70,CCCC(C)C1(CC)C(=O)NC(=S)NC1=O,0,LightBBB,
71,S=C(NC1CCCCC1)N1CCC(c2c[nH]cn2)CC1,0,LightBBB,
72,O=c1c(-c2ccc(O)cc2)coc2cc(O)ccc12,0,LightBBB,
73,CN1CCC23CCCCC2C1Cc1ccc(O)cc13,0,LightBBB,
74,C=CCC(N)c1ccccc1-c1noc2ccccc12,0,LightBBB,
75,O=[N+]([O-])c1nccn1CCCCCCCCF,0,LightBBB,
76,OCCCOc1cccc(CN2CCCCC2)c1,0,LightBBB,
77,O=[N+]([O-])c1c(Cc2ccccc2)c[nH]c1NCCSCc1ccccn1,0,LightBBB,
78,O=c1cccc2n1CC1CNC(Br)C2C1,0,LightBBB,
79,CCCCCc1cc(O)c2c(c1)OC(C)(C)[C@@H]1CCC(C)=C[C@@H]21,0,LightBBB,
80,Cc1ncc2n1-c1ccc(Cl)cc1C(c1ccccc1F)=N[C@@H]2O,0,LightBBB,
81,C=CCC1(CC=C)C(=O)NC(=O)NC1=O,0,LightBBB,
82,COc1ccc(CCN2CCC(Nc3nc4ccccc4n3Cc3ccc(F)cc3)CC2)cc1,1,LightBBB,
83,NC(N)=Nc1nc(-c2ccccc2)cs1,0,LightBBB,
84,CC(C)(C)OC(=O)c1ncn2c1[C@@H]1CCCN1C(=O)c1c(Br)cccc1-2,0,LightBBB,
85,OC(Cn1cncn1)(Cn1cncn1)c1ccc(F)cc1F,0,LightBBB,
86,NCC1(CC(=O)O)CCCCC1,0,LightBBB,
87,CC[C@@H](C(N)=O)N1CCCC1=O,0,LightBBB,
88,CCCC(C)(COC(N)=O)COC(N)=O,0,LightBBB,
89,C,0,LightBBB,
90,COc1ccc2cc([C@H](C)C(=O)O)ccc2c1,0,LightBBB,
91,CCC1(c2ccccc2)C(=O)NC(=O)NC1=O,0,LightBBB,
92,CC(=O)[C@H]1CC[C@H]2[C@@H]3CCC4=CC(=O)CC[C@]4(C)[C@H]3CC[C@]12C,0,LightBBB,
93,O=S(=O)(c1ccc2cc[nH]c2c1)N1CCCC1CCN1CCC(Oc2cccc(Cl)c2)CC1,0,LightBBB,
94,CN(C/C=C/C#CC(C)(C)C)Cc1cccc2ccccc12,0,LightBBB,
95,CC12CCC(=O)C=C1CCC1C2CCC2(C)C(O)CCC12,0,LightBBB,
96,CC1(C)O[C@@H]2[C@@H](CO[C@@]3(COS(N)(=O)=O)OC(C)(C)O[C@@H]23)O1,0,LightBBB,
97,NCCc1cn2ccccc2n1,1,LightBBB,
98,CC(=O)Nc1ccc(O)cc1,0,LightBBB,
99,Cn1c(=O)c2[nH]cnc2n(C)c1=O,0,LightBBB,
100,CNCCc1ccccn1,0,LightBBB,
101,NC(=O)N1c2ccccc2C2OC2c2ccccc21,0,LightBBB,
102,O=NN(CCCl)C(=O)NCCCl,0,LightBBB,
103,CCCC(CCC)C(=O)O,0,LightBBB,
104,CN1CCCCC1CCN1c2ccccc2Sc2ccc(S(C)=O)cc21,0,LightBBB,
105,Cc1cn(C2C=CC(CO)O2)c(=O)[nH]c1=O,0,LightBBB,
106,CC(C=CC1=C(C)CCCC1(C)C)=CC=CC(C)=CC(=O)O,0,LightBBB,
107,Cc1ccc(-c2nc3ccc(C)cn3c2CC(=O)N(C)C)cc1,0,LightBBB,
108,C=CC#N,0,LightBBB,
109,O=C(O)CNC(=O)c1ccccc1O,0,LightBBB,
110,O=C(NCCN1CCN(c2cccc3c2OCC(CO)O3)CC1)c1ccc(F)cc1,0,LightBBB,
111,CCCN(CCC)CCc1ccc(O)c2c1CC(=O)N2,0,LightBBB,
112,CN(C)CCCN1c2ccccc2S(=O)c2ccccc21,0,LightBBB,
113,CN1CCC23c4c5ccc(O)c4OC2C(O)C=CC3C1C5,0,LightBBB,
114,CC(=O)NCCCOc1cccc(CN2CCCCC2)c1,0,LightBBB,
115,Cn1c(=O)c2nc[nH]c2n(C)c1=O,0,LightBBB,
116,CCCCC1C(=O)N(c2ccccc2)N(c2ccccc2)C1=O,0,LightBBB,
117,CCCN(CCC)S(=O)(=O)c1ccc(C(=O)O)cc1,0,LightBBB,
118,CNS(=O)(=O)Cc1ccc2[nH]cc(CCN(C)C)c2c1,0,LightBBB,
119,CC[C@@]1(O)C(=O)OCc2c1cc1n(c2=O)Cc2cc3c(CN(C)C)c(O)ccc3nc2-1,0,LightBBB,
120,CN1C(=O)CCC1c1cccnc1,0,LightBBB,
121,C=CCc1ccccc1OCC(O)CNC(C)C,0,LightBBB,
122,CCOC(=O)c1ncn2c1CN(C)C(=O)c1cc(F)ccc1-2,0,LightBBB,
123,CC(C)NCC(O)c1ccc(NS(C)(=O)=O)cc1,0,LightBBB,
124,Cn1cnc2c1c(=O)[nH]c(=O)n2C,0,LightBBB,
125,ClCCl,0,LightBBB,
126,CC(Cl)Cl,0,LightBBB,
127,C#CCO,0,LightBBB,
128,CC12CCC3c4ccc(O)cc4CCC3C1CC(F)C2O,0,LightBBB,
129,CC1NC(=O)C2(CCCC2)NC1=O,0,LightBBB,
130,CN1Cc2c(C(=O)OC(C)(C)C)ncn2-c2ccsc2C1=O,0,LightBBB,
131,CC(C)c1nc(-c2ncn3c2CN(C)C(=O)c2c(Cl)cccc2-3)no1,0,LightBBB,
132,N=C(N)SCCF,0,LightBBB,
133,O=[N+]([O-])c1nccn1CCCF,0,LightBBB,
134,O=C(NCCCOc1cccc(CN2CCCCC2)c1)c1ccccc1,0,LightBBB,
135,CCC1(C2=CCCCC2)C(=O)NC(=O)NC1=O,0,LightBBB,
136,CCC1(C)CC(=O)NC1=O,0,LightBBB,
137,Nc1nc2c(ncn2COCCO)c(=O)[nH]1,0,LightBBB,
138,CC(=O)Oc1ccccc1C(=O)O,0,LightBBB,
139,COc1ccc(CCN(C)CCCC(C#N)(c2ccc(OC)c(OC)c2)C(C)C)cc1OC,0,LightBBB,
140,O=C(O)CCCc1ccc(N(CCCl)CCCl)cc1,0,LightBBB,
141,COCc1c(C(C)C)nc(C(C)C)c(/C=C/[C@@H](O)C[C@@H](O)CC(=O)O)c1-c1ccc(F)cc1,0,LightBBB,
142,O=C(O)CCCc1ccc(N(CCCl)CCCl)cc1,0,LightBBB,
143,Cc1ccc(NC(=O)c2ccc(CN3CCN(C)CC3)cc2)cc1Nc1nccc(-c2cccnc2)n1,0,LightBBB,
144,CC(C)(C(=O)O)c1ccc(C(O)CCCN2CCC(C(O)(c3ccccc3)c3ccccc3)CC2)cc1,0,LightBBB,
145,COc1ccc2c(c1)c(CC(=O)O)c(C)n2C(=O)c1ccc(Cl)cc1,0,LightBBB,
146,CN(C)CCc1c[nH]c2ccc(O)cc12,0,LightBBB,
147,NC(N)=Nc1nc(-c2cccc(N)c2)cs1,0,LightBBB,
148,CCN1CCCC1CNC(=O)c1cc(S(N)(=O)=O)ccc1OC,0,LightBBB,
149,CNS(=O)(=O)Cc1ccc2[nH]cc(CCN(C)C)c2c1,0,LightBBB,
150,O=c1[nH]c2ccccc2n1CCCN1CCC(n2c(=O)[nH]c3cc(Cl)ccc32)CC1,0,LightBBB,
151,COn1cc(C(=O)O)c(=O)c2cc3c(cc21)OCO3,0,LightBBB,
152,CC(C)(C)NCC(O)COc1cccc2c1CCC(=O)N2,0,LightBBB,
153,O=C1NC(=O)C(c2ccccc2)(c2ccccc2)N1,0,LightBBB,
154,Cc1cn([C@H]2C[C@H](F)[C@@H](CO)O2)c(=O)[nH]c1=O,0,LightBBB,
155,O=[N+]([O-])c1cc[nH]c1NCCSCc1ccccn1,0,LightBBB,
156,CN(C)CCc1c[nH]c2ccc(Cn3cncn3)cc12,0,LightBBB,
157,CSC(=N)N,0,LightBBB,
158,Cc1ccc(-c2nc3ccc(C)cn3c2CC(=O)N(C)C)cc1,0,LightBBB,
159,CC(C)CC(CN)CC(=O)O,0,LightBBB,
160,CC(=O)Nc1nnc(S(N)(=O)=O)s1,0,LightBBB,
161,CCCCC1C(=O)N(c2ccccc2)N(c2ccccc2)C1=O,0,LightBBB,
162,CN(C(=O)C(c1ccccc1)c1ccccc1)C(CN1CCC(O)C1)c1ccccc1,0,LightBBB,
163,CC(=O)Oc1ccccc1C(=O)O,0,LightBBB,
164,Nc1nc(=O)c2ncn(COCCO)c2[nH]1,0,LightBBB,
165,Cc1cn(C2C=CC(CO)O2)c(=O)[nH]c1=O,0,LightBBB,
166,CC(=O)NCCCOc1cccc(CN2CCCCC2)c1,0,LightBBB,
167,O=C(O)CNC(=O)c1ccccc1O,0,LightBBB,
168,CCCN(CCC)CCc1ccc(O)c2c1CC(=O)N2,0,LightBBB,
169,CC(=O)Nc1ccc(O)cc1,0,LightBBB,
170,COc1ccc(CCN(C)CCCC(C#N)(c2ccc(OC)c(OC)c2)C(C)C)cc1OC,0,LightBBB,
171,CCCC(C)(COC(N)=O)COC(N)=O,0,LightBBB,
172,CN(C)CCC[C@@]1(c2ccc(F)cc2)OCc2cc(C#N)ccc21,0,LightBBB,
173,NC(=O)N1c2ccccc2C2OC2c2ccccc21,0,LightBBB,
174,CN1C(=O)CCC1c1cccnc1,0,LightBBB,
175,CC1NC(=O)C2(CCCC2)NC1=O,0,LightBBB,
176,Cc1ncc2n1-c1ccc(Cl)cc1C(c1ccccc1F)=NC2O,0,LightBBB,
177,,0,LightBBB,
178,CCOC(=O)c1ncn2c1CN(C)C(=O)c1cc(F)ccc1-2,0,LightBBB,
179,Cn1c(=O)c2[nH]cnc2n(C)c1=O,0,LightBBB,
180,CCOC(=O)N1CCC(=C2c3ccc(Cl)cc3CCc3cccnc32)CC1,0,LightBBB,
181,O=C(NCCCOc1cccc(CN2CCCCC2)c1)c1ccccc1,0,LightBBB,
182,O=c1n(CCCN2CCN(c3cccc(Cl)c3)CC2)nc2ccccn12,0,LightBBB,
183,CCCC(CCC)C(=O)O,0,LightBBB,
184,NC(=O)OCC(COC(N)=O)c1ccccc1,0,LightBBB,
185,NC(N)=Nc1nc(-c2ccccc2)cs1,0,LightBBB,
186,CC(C)Cc1ccc(C(C)C(=O)O)cc1,0,LightBBB,
187,CCCO,0,LightBBB,
188,S=C(NC1CCCCC1)N1CCC(c2c[nH]cn2)CC1,0,LightBBB,
189,O=c1c(-c2ccc(O)cc2)coc2cc(O)ccc12,0,LightBBB,
190,CC(C)NCC(O)COc1cccc2[nH]ccc12,0,LightBBB,
191,CC(C)O,0,LightBBB,
192,CCCC(C)C1(CC)C(=O)NC(=S)NC1=O,0,LightBBB,
193,CCC1(CC)C(=O)NC(=O)NC1=O,0,LightBBB,
194,O=[N+]([O-])c1c(Cc2ccccc2)c[nH]c1NCCSCc1ccccn1,0,LightBBB,
195,NC(=O)N1c2ccccc2C=Cc2ccccc21,0,LightBBB,
196,ClCCl,0,LightBBB,
197,Cc1cc(=O)n(-c2ccccc2)n1C,0,LightBBB,
198,CC(C)(C)OC(=O)c1ncn2c1C1CCCN1C(=O)c1c(Br)cccc1-2,0,LightBBB,
199,OCc1ncc2n1-c1ccc(Cl)cc1C(c1ccccc1F)=NC2,0,LightBBB,
200,CCC1(C)CC(=O)NC1=O,0,LightBBB,
201,O=C1CCC(N2C(=O)c3ccccc3C2=O)C(=O)N1,0,LightBBB,
202,Cc1csc(N=C(N)N)n1,0,LightBBB,
203,OCCCOc1cccc(CN2CCCCC2)c1,0,LightBBB,
204,Cn1c(=O)c2c(ncn2C)n(C)c1=O,0,LightBBB,
205,CCC(C)(C)C(=O)O[C@H]1C[C@@H](C)C=C2C=C[C@H](C)[C@H](CC[C@@H]3C[C@@H](O)CC(=O)O3)[C@H]21,0,LightBBB,
206,COc1ccc2c(c1)[C@]13CCCC[C@@H]1[C@H](C2)N(C)CC3,0,LightBBB,
207,Cc1nnc2n1-c1ccc(Cl)cc1C(c1ccccc1)=NC2,0,LightBBB,
208,CCN(CC)CCOC(=O)c1ccc(N)cc1,0,LightBBB,
209,CN1C(=O)CN=C(c2ccccc2F)c2cc([N+](=O)[O-])ccc21,0,LightBBB,
210,CNC(=O)Oc1ccc2c(c1)C1(C)CCN(C)C1N2C,0,LightBBB,
211,CSc1ccc2c(c1)N(CCC1CCCCN1C)c1ccccc1S2,0,LightBBB,
212,Cc1cccc(OCC(O)CNC(C)C)c1,0,LightBBB,
213,CN(C/C=C/C#CC(C)(C)C)Cc1cccc2ccccc12,0,LightBBB,
214,CCCC(C)C1(CC)C(=O)NC(=O)NC1=O,1,LightBBB,
215,CCN(CC)CC(=O)Nc1c(C)cccc1C,1,LightBBB,
216,COc1ccc(CN(CCN(C)C)c2ccccn2)cc1,1,LightBBB,
217,CC(C)NCC(O)COc1cccc2ccccc12,1,LightBBB,
218,CC(C)(C)c1ccc(C(O)CCCN2CCC(C(O)(c3ccccc3)c3ccccc3)CC2)cc1,1,LightBBB,
219,CC(=O)Nc1nnc(S(N)(=O)=O)s1,1,LightBBB,
220,CCC(C)(C)O,1,LightBBB,
221,CC(=O)Oc1ccccc1C(=O)O,1,LightBBB,
222,CCC1(CC)C(=O)NC(=O)NC1=O,1,LightBBB,
223,NC(=O)N1c2ccccc2C=Cc2ccccc21,1,LightBBB,
224,O=C(NC(CO)C(O)c1ccc([N+](=O)[O-])cc1)C(Cl)Cl,1,LightBBB,
225,CN1C(=O)CCC1c1cccnc1,1,LightBBB,
226,CCC1(C2=CCCCC2)C(=O)NC(=O)NC1=O,1,LightBBB,
227,Nc1ccc(S(=O)(=O)c2ccc(N)cc2)cc1,1,LightBBB,
228,ClCCl,1,LightBBB,
229,NC(=O)OCC(COC(N)=O)c1ccccc1,1,LightBBB,
230,OC(Cn1cncn1)(Cn1cncn1)c1ccc(F)cc1F,1,LightBBB,
231,NCC1(CC(=O)O)CCCCC1,1,LightBBB,
232,CN1C2CCC1CC(OC(=O)C(O)c1ccccc1)C2,1,LightBBB,
233,COc1ccc2c(c1)c(CC(=O)O)c(C)n2C(=O)c1ccc(Cl)cc1,1,LightBBB,
234,CCOC(=O)N1CCC(=C2c3ccc(Cl)cc3CCc3cccnc32)CC1,1,LightBBB,
235,c1ccc2c(c1)Sc1ccccc1N2CC1CN2CCC1CC2,1,LightBBB,
236,CN1CCCCC1CCN1c2ccccc2Sc2ccc(S(C)=O)cc21,1,LightBBB,
237,C=CCC1(C(C)C#CCC)C(=O)NC(=O)N(C)C1=O,1,LightBBB,
238,Clc1ccc(COC(Cn2ccnc2)c2ccc(Cl)cc2Cl)c(Cl)c1,1,LightBBB,
239,CN1CCC23c4c5ccc(O)c4OC2C(O)C=CC3C1C5,1,LightBBB,
240,CCOc1ccc(NC(C)=O)cc1,1,LightBBB,
241,O=C1NC(=O)C(c2ccccc2)(c2ccccc2)N1,1,LightBBB,
242,CNC(=O)Oc1ccc2c(c1)C1(C)CCN(C)C1N2C,1,LightBBB,
243,CC12C=CC(=O)C=C1CCC1C2C(=O)CC2(C)C1CCC2(O)C(=O)CO,1,LightBBB,
244,CC(C)CC(CN)CC(=O)O,1,LightBBB,
245,Cc1nc2n(c(=O)c1CCN1CCC(c3noc4cc(F)ccc34)CC1)CCCC2,1,LightBBB,
246,O=C1CCC(N2C(=O)c3ccccc3C2=O)C(=O)N1,1,LightBBB,
247,Cn1cnc2c1c(=O)[nH]c(=O)n2C,1,LightBBB,
248,CSc1ccc2c(c1)N(CCC1CCCCN1C)c1ccccc1S2,1,LightBBB,
249,O=c1n(CCCN2CCN(c3cccc(Cl)c3)CC2)nc2ccccn12,1,LightBBB,
250,CC12C=CC(=O)C=C1CCC1C3CC(O)C(O)(C(=O)CO)C3(C)CC(O)C12F,1,LightBBB,
251,COc1cc(NCc2ccc3nc(N)nc(N)c3c2C)cc(OC)c1OC,1,LightBBB,
252,CCCC(CCC)C(=O)O,1,LightBBB,
253,CCCC(=O)Nc1ccc(OCC(O)CNC(C)C)c(C(C)=O)c1,0,LightBBB,
254,NCCC(O)C(=O)NC1CC(N)C(OC2OC(CN)C(O)C(O)C2O)C(O)C1OC1OC(CO)C(O)C(N)C1O,0,LightBBB,
255,COc1ccc(CCN2CCC(Nc3nc4ccccc4n3Cc3ccc(F)cc3)CC2)cc1,0,LightBBB,
256,CC1(C)SC2C(NC(=O)C(C(=O)O)c3ccccc3)C(=O)N2C1C(=O)O,0,LightBBB,
257,CCN(CC)C(=O)Nc1ccc(OCC(O)CNC(C)(C)C)c(C(C)=O)c1,0,LightBBB,
258,CCN(CC)CCCC(C)Nc1ccnc2cc(Cl)ccc12,0,LightBBB,
259,COc1cc2c(c(OC)c1OC)-c1ccc(OC)c(=O)cc1C(NC(C)=O)CC2,0,LightBBB,
260,CC=CCC(C)C(O)C1C(=O)NC(CC)C(=O)N(C)CC(=O)N(C)C(CC(C)C)C(=O)NC(C(C)C)C(=O)N(C)C(CC(C)C)C(=O)NC(C)C(=O)NC(C)C(=O)N(C)C(CC(C)C)C(=O)N(C)C(CC(C)C)C(=O)N(C)C(C(C)C)C(=O)N1C,0,LightBBB,
261,OCCN(CCO)c1nc(N2CCCCC2)c2nc(N(CCO)CCO)nc(N3CCCCC3)c2n1,0,LightBBB,
262,O=c1[nH]c2ccccc2n1CCCN1CCC(n2c(=O)[nH]c3cc(Cl)ccc32)CC1,0,LightBBB,
263,COc1cccc2c1C(=O)c1c(O)c3c(c(O)c1C2=O)CC(O)(C(=O)CO)CC3OC1CC(N)C(O)C(C)O1,0,LightBBB,
264,CC12CCC3c4ccc(O)cc4CCC3C1CCC2O,0,LightBBB,
265,CC(C)(C(=O)O)c1ccc(C(O)CCCN2CCC(C(O)(c3ccccc3)c3ccccc3)CC2)cc1,0,LightBBB,
266,COc1ccc(Cl)cc1C(=O)NCCc1ccc(S(=O)(=O)NC(=O)NC2CCCCC2)cc1,0,LightBBB,
267,CC(C)(C)NC(=O)C1CN(Cc2cccnc2)CCN1CC(O)CC(Cc1ccccc1)C(=O)NC1c2ccccc2CC1O,0,LightBBB,
268,NC(Cc1ccc(O)c(O)c1)C(=O)O,0,LightBBB,
269,CC1COc2c(N3CCN(C)CC3)c(F)cc3c(=O)c(C(=O)O)cn1c23,0,LightBBB,
270,CCCCc1nc(Cl)c(CO)n1Cc1ccc(-c2ccccc2-c2nnn[nH]2)cc1,0,LightBBB,
271,CN(C)c1ccc(O)c2c1CC1CC3C(N(C)C)C(O)=C(C(N)=O)C(=O)C3(O)C(O)=C1C2=O,0,LightBBB,
272,CC(C)(C)NCC(O)COc1cccc2c1CC(O)C(O)C2,0,LightBBB,
273,CCn1cc(C(=O)O)c(=O)c2ccc(C)nc21,0,LightBBB,
274,Cc1c(O)cccc1C(=O)NC(CSc1ccccc1)C(O)CN1CC2CCCCC2CC1C(=O)NC(C)(C)C,0,LightBBB,
275,CC(C)NCC(O)COc1cccc2ccccc12,0,LightBBB,
276,CC(C)(C)NC(=O)C1CC2CCCCC2CN1CC(O)C(Cc1ccccc1)NC(=O)C(CC(N)=O)NC(=O)c1ccc2ccccc2n1,0,LightBBB,
277,COc1cc(C2c3cc4c(cc3C(OC3OC5COC(c6cccs6)OC5C(O)C3O)C3COC(=O)C23)OCO4)cc(OC)c1OC,0,LightBBB,
278,CC(C)(C)c1ccc(C(O)CCCN2CCC(C(O)(c3ccccc3)c3ccccc3)CC2)cc1,0,LightBBB,
279,CCC1(O)C(=O)OCc2c1cc1n(c2=O)Cc2cc3c(CN(C)C)c(O)ccc3nc2-1,0,LightBBB,
280,COc1ccc(CCN(C)CCCC(C#N)(c2ccc(OC)c(OC)c2)C(C)C)cc1OC,0,LightBBB,
281,CCC1(O)CC2CN(CCc3c([nH]c4ccccc34)C(C(=O)OC)(c3cc4c(cc3OC)N(C)C3C(O)(C(=O)OC)C(OC(C)=O)C5(CC)C=CCN6CCC43C65)C2)C1,0,LightBBB,
282,C=CCC1(CC=C)C(=O)NC(=O)NC1=O,1,LightBBB,
283,Cc1nnc2n1-c1ccc(Cl)cc1C(c1ccccc1)=NC2,1,LightBBB,
284,CCC1(CCC(C)C)C(=O)NC(=O)NC1=O,1,LightBBB,
285,CN(C(=O)C(c1ccccc1)c1ccccc1)C(CN1CCC(O)C1)c1ccccc1,1,LightBBB,
286,CN1C2CCC1CC(OC(=O)C(CO)c1ccccc1)C2,1,LightBBB,
287,NC(=O)C1c2ccccc2C=Cc2ccccc21,1,LightBBB,
288,CC12CCC(=O)C=C1CCC1C2C(=O)CC2(C)C1CCC2(O)C(=O)CO,1,LightBBB,
289,C1CC1,1,LightBBB,
290,CN1CCC23CCCCC2C1Cc1ccc(O)cc13,1,LightBBB,
291,CCOCC,1,LightBBB,
292,CCC1(C)CC(=O)NC1=O,1,LightBBB,
293,CN1C(=O)CN=C(c2ccccc2F)c2cc([N+](=O)[O-])ccc21,1,LightBBB,
294,CN1C(=O)NC(=O)C(C)(C2=CCCCC2)C1=O,1,LightBBB,
295,NC(Cc1ccc(O)c(O)c1)C(=O)O,1,LightBBB,
296,CCCC(C)(COC(N)=O)COC(N)=O,1,LightBBB,
297,CC(=O)Nc1ccc(O)cc1,1,LightBBB,
298,CCCC(C)C1(CC)C(=O)NC(=O)NC1=O,1,LightBBB,
299,C1CCc2nnnn2CC1,1,LightBBB,
300,CCC1(c2ccccc2)C(=O)NC(=O)NC1=O,1,LightBBB,
301,CC12C=CC(=O)C=C1CCC1C2C(O)CC2(C)C1CCC2(O)C(=O)CO,1,LightBBB,
302,CCC1(c2ccccc2)C(=O)NCNC1=O,1,LightBBB,
303,CCN1CCCC1CNC(=O)c1cc(S(N)(=O)=O)ccc1OC,1,LightBBB,
304,Cc1ccc(-c2nc3ccc(C)cn3c2CC(=O)N(C)C)cc1,1,LightBBB,
305,CC1c2cccc(O)c2C(=O)C2=C(O)C3(O)C(=O)C(C(N)=O)=C(O)C(N(C)C)C3C(O)C21,0,LightBBB,
306,CCN(CC)CC(=O)Nc1c(C)cccc1C,0,LightBBB,
307,CN(Cc1cnc2nc(N)nc(N)c2n1)c1ccc(C(=O)NC(CCC(=O)O)C(=O)O)cc1,0,LightBBB,
308,Cc1ccccc1C(OCCN(C)C)c1ccccc1,0,LightBBB,
309,CCC(=C(c1ccccc1)c1ccc(OCCN(C)C)cc1)c1ccccc1,0,LightBBB,
310,CC1(C)SC2C(NC(=O)C(C(=O)O)c3ccsc3)C(=O)N2C1C(=O)O,0,LightBBB,
311,CC(C)NCC(O)COc1cccc2ccccc12,1,LightBBB,
312,CC1COc2c(N3CCN(C)CC3)c(F)cc3c(=O)c(C(=O)O)cn1c23,1,LightBBB,
313,CC(=O)NCCCOc1cccc(CN2CCCCC2)c1,1,LightBBB,
314,COc1ccc([C@@H]2Sc3ccccc3N(CCN(C)C)C(=O)[C@@H]2OC(C)=O)cc1,1,LightBBB,
315,Cc1cn([C@H]2C[C@H](F)[C@@H](CO)O2)c(=O)[nH]c1=O,1,LightBBB,
316,ClCCl,1,LightBBB,
317,CC(C)(C)NC(=O)C1CC2CCCCC2CN1CC(O)C(Cc1ccccc1)NC(=O)C(CC(N)=O)NC(=O)c1ccc2ccccc2n1,1,LightBBB,
318,CN(C)C(=O)C(CCN1CCC(O)(c2ccc(Cl)cc2)CC1)(c1ccccc1)c1ccccc1,1,LightBBB,
319,COc1ccc(Cl)cc1C(=O)NCCc1ccc(S(=O)(=O)NC(=O)NC2CCCCC2)cc1,1,LightBBB,
320,Cc1ccc(-c2nc3ccc(C)cn3c2CC(=O)N(C)C)cc1,1,LightBBB,
321,CCCC(C)C1(CC)C(=O)NC(=O)NC1=O,1,LightBBB,
322,C[C@H]1COc2c(N3CCN(C)CC3)c(F)cc3c(=O)c(C(=O)O)cn1c23,1,LightBBB,
323,O=C(NCCCOc1cccc(CN2CCCCC2)c1)c1ccccc1,1,LightBBB,
324,CN1Cc2c(C(=O)OC(C)(C)C)ncn2-c2ccsc2C1=O,1,LightBBB,
325,NC(N)=Nc1nc(-c2ccccc2)cs1,1,LightBBB,
326,Cn1nnnc1SCC1=C(C(=O)O)N2C(=O)[C@@H](NC(=O)[C@H](O)c3ccccc3)[C@H]2SC1,1,LightBBB,
327,NC(N)=Nc1nc(-c2cccc(N)c2)cs1,1,LightBBB,
328,CCCC(=O)Nc1ccc(OCC(O)CNC(C)C)c(C(C)=O)c1,1,LightBBB,
329,CNCCc1ccccn1,1,LightBBB,
330,CC[C@]1(O)C[C@H]2CN(CCc3c([nH]c4ccccc34)[C@@](C(=O)OC)(c3cc4c(cc3OC)N(C=O)[C@H]3[C@@](O)(C(=O)OC)[C@H](OC(C)=O)[C@]5(CC)C=CCN6CC[C@]43[C@@H]65)C2)C1,1,LightBBB,
331,O=S(=O)(c1ccc2cc[nH]c2c1)N1CCCC1CCN1CCC(Oc2cccc(Cl)c2)CC1,1,LightBBB,
332,NC(=O)N1c2ccccc2C2OC2c2ccccc21,1,LightBBB,
333,Cc1csc(N=C(N)N)n1,1,LightBBB,
334,CCCN(CCC)CCc1ccc(O)c2c1CC(=O)N2,1,LightBBB,
335,NCCc1cn2ccccc2n1,0,LightBBB,
336,CO/N=C(\C(=O)N[C@@H]1C(=O)N2C(C(=O)O)=C(CSc3nc(=O)c(=O)[nH]n3C)CS[C@H]12)c1csc(N)n1,1,LightBBB,
337,COc1cc2c(c(OC)c1OC)-c1ccc(OC)c(=O)cc1C(NC(C)=O)CC2,1,LightBBB,
338,OCCCOc1cccc(CN2CCCCC2)c1,1,LightBBB,
339,CCN(CC)C(=O)Nc1ccc(OCC(O)CNC(C)(C)C)c(C(C)=O)c1,1,LightBBB,
340,CC(C)c1nc(-c2ncn3c2CN(C)C(=O)c2c(Cl)cccc2-3)no1,1,LightBBB,
341,C=CCC(N)c1ccccc1-c1noc2ccccc12,1,LightBBB,
342,CC(=O)Nc1ccc(O)cc1,1,LightBBB,
343,CC(=O)Oc1ccccc1C(=O)O,0,LightBBB,
344,OC(Cn1cncn1)(Cn1cncn1)c1ccc(F)cc1F,1,LightBBB,
345,NCC1(CC(=O)O)CCCCC1,1,LightBBB,
346,CCn1cc(C(=O)O)c(=O)c2ccc(C)nc21,0,LightBBB,
347,COc1ccc(CCN2CCC(Nc3nc4ccccc4n3Cc3ccc(F)cc3)CC2)cc1,0,LightBBB,
348,CN1C2CCC1CC(OC(=O)C(CO)c1ccccc1)C2,0,LightBBB,
349,CC(C)(C)NCC(O)COc1cccc2c1CCC(=O)N2,0,LightBBB,
350,O=C(O)CCCc1ccc(N(CCCl)CCCl)cc1,0,LightBBB,
351,CCC1(c2ccccc2)C(=O)NC(=O)NC1=O,1,LightBBB,
352,COc1ccc2nc(S(=O)Cc3ncc(C)c(OC)c3C)[nH]c2c1,0,LightBBB,
353,O=C(NC(CO)C(O)c1ccc([N+](=O)[O-])cc1)C(Cl)Cl,0,LightBBB,
354,CCCNC(=O)NS(=O)(=O)c1ccc(Cl)cc1,0,LightBBB,
355,CCOC(=O)C(C)(C)Oc1ccc(Cl)cc1,0,LightBBB,
356,CCC1(c2ccccc2)C(=O)NCNC1=O,1,LightBBB,
357,CCN(CC)CCOC(=O)c1ccc(N)cc1,1,LightBBB,
358,CC(C)NCC(O)COc1cccc2[nH]ccc12,1,LightBBB,
359,COc1cc(NCc2ccc3nc(N)nc(N)c3c2C)cc(OC)c1OC,0,LightBBB,
360,NC(N)=O,1,LightBBB,
361,O=c1ccc2ccccc2o1,0,LightBBB,
362,Nc1ccc(S(=O)(=O)c2ccc(N)cc2)cc1,0,LightBBB,
363,CCN(CC)CCOC(=O)C1(C2CCCCC2)CCCCC1,0,LightBBB,
364,O=c1[nH]c2ccccc2n1CCCN1CCC(n2c(=O)[nH]c3cc(Cl)ccc32)CC1,0,LightBBB,
365,Nc1c2c(nc3ccccc13)CCCC2,1,LightBBB,
366,CCCCCc1cc(O)c2c(c1)OC(C)(C)[C@@H]1CCC(C)=C[C@@H]21,1,LightBBB,
367,CSc1ccc2c(c1)N(CCC1CCCCN1C)c1ccccc1S2,1,LightBBB,
368,O=c1n(CCCN2CCN(c3cccc(Cl)c3)CC2)nc2ccccn12,1,LightBBB,
369,CCN(CC)CCCC(C)Nc1ccnc2cc(Cl)ccc12,1,LightBBB,
370,CCCC(CCC)C(=O)O,1,LightBBB,
371,CN1C2CCC1CC(OC(=O)C(O)c1ccccc1)C2,0,LightBBB,
372,NNc1nncc2ccccc12,0,LightBBB,
373,NS(=O)(=O)c1cc2c(cc1Cl)NCNS2(=O)=O,0,LightBBB,
374,NS(=O)(=O)c1cc2c(cc1C(F)(F)F)NCNS2(=O)=O,0,LightBBB,
375,CC(C)Cc1ccc(C(C)C(=O)O)cc1,0,LightBBB,
376,COc1ccc2c(c1)c(CC(=O)O)c(C)n2C(=O)c1ccc(Cl)cc1,0,LightBBB,
377,NCCc1cn2ccccc2n1,0,LightBBB,
378,Cc1nnc2n1-c1ccc(Cl)cc1C(c1ccccc1)=NC2,1,LightBBB,
379,O=NN(CCCl)C(=O)NCCCl,1,LightBBB,
380,NNC(=O)c1ccncc1,0,LightBBB,
381,N[C@@H](Cc1ccc(O)c(O)c1)C(=O)O,0,LightBBB,
382,Cc1ccc(Cl)c(Nc2ccccc2C(=O)O)c1Cl,0,LightBBB,
383,Cc1cccc(Nc2ccccc2C(=O)O)c1C,0,LightBBB,
384,COc1ccc(CN(CCN(C)C)c2ccccn2)cc1,0,LightBBB,
385,c1ccc2c(c1)Sc1ccccc1N2CC1CN2CCC1CC2,0,LightBBB,
386,CC(C)c1nc(-c2ncn3c2CN(C)C(=O)c2c(Cl)cccc2-3)no1,1,LightBBB,
387,CC(C)NCC(O)c1ccc(NS(C)(=O)=O)cc1,1,LightBBB,
388,C[C@H]1C[C@@H]2[C@H]([C@@H](O)C[C@@]3(C)[C@H]2CC[C@]3(O)C(=O)CO)[C@@]2(C)C=CC(=O)C=C12,0,LightBBB,
389,Clc1ccc(COC(Cn2ccnc2)c2ccc(Cl)cc2Cl)c(Cl)c1,0,LightBBB,
390,O=C(O)CCc1nc(-c2ccccc2)c(-c2ccccc2)o1,0,LightBBB,
391,Cc1ccnc2c1NC(=O)c1cccnc1N2C1CC1,1,LightBBB,
392,CC[C@@]1(O)C(=O)OCc2c1cc1n(c2=O)Cc2cc3c(CN(C)C)c(O)ccc3nc2-1,1,LightBBB,
393,Nc1ccn([C@H]2CC[C@@H](CO)O2)c(=O)n1,1,LightBBB,
394,COc1ccc(Cc2nccc3cc(OC)c(OC)cc23)cc1OC,0,LightBBB,
395,CCOc1ccc(NC(C)=O)cc1,0,LightBBB,
396,CCCCC1C(=O)N(c2ccccc2)N(c2ccccc2)C1=O,0,LightBBB,
397,Cc1nc2n(c(=O)c1CCN1CCC(c3noc4cc(F)ccc34)CC1)CCCC2,1,LightBBB,
398,CCCN(CCC)S(=O)(=O)c1ccc(C(=O)O)cc1,0,LightBBB,
399,CC(=O)[C@H]1CC[C@H]2[C@@H]3CCC4=CC(=O)CC[C@]4(C)[C@H]3CC[C@]12C,0,LightBBB,
400,CC(C)NCC(O)COc1cccc2ccccc12,0,LightBBB,
401,OCc1ncc2n1-c1ccc(Cl)cc1C(c1ccccc1F)=NC2,1,LightBBB,
402,CC(C)CO,1,LightBBB,
403,Cc1ncc2n1-c1ccc(Cl)cc1C(c1ccccc1F)=NC2O,1,LightBBB,
404,Cc1c(N(C)C)c(=O)n(-c2ccccc2)n1C,1,LightBBB,
405,CC(C)(C)OC(=O)c1ncn2c1[C@@H]1CCCN1C(=O)c1c(Br)cccc1-2,1,LightBBB,
406,CC1COc2c(N3CCN(C)CC3)c(F)cc3c(=O)c(C(=O)O)cn1c23,1,LightBBB,
407,Cn1c(=O)c2[nH]cnc2n(C)c1=O,0,LightBBB,
408,CCCCNC(=O)NS(=O)(=O)c1ccc(C)cc1,0,LightBBB,
409,COc1ccc(CCN(C)CCCC(C#N)(c2ccc(OC)c(OC)c2)C(C)C)cc1OC,0,LightBBB,
410,CCC(C)=O,1,LightBBB,
411,C1CC1,1,LightBBB,
412,ClCCl,1,LightBBB,
413,CCOCC,1,LightBBB,
414,CC(=O)Nc1nnc(S(N)(=O)=O)s1,1,LightBBB,
415,C=CCC1(CC=C)C(=O)NC(=O)NC1=O,1,LightBBB,
416,CCC1(CCC(C)C)C(=O)NC(=O)NC1=O,1,LightBBB,
417,CCO,1,LightBBB,
418,CCOC(=O)c1ncn2c1CN(C)C(=O)c1cc(F)ccc1-2,1,LightBBB,
419,CN1C(=O)CN=C(c2ccccc2F)c2cc([N+](=O)[O-])ccc21,1,LightBBB,
420,Cc1cc(=O)n(-c2ccccc2)n1C,1,LightBBB,
421,CN1C(=O)NC(=O)C(C)(C2=CCCCC2)C1=O,1,LightBBB,
422,C=CCC1(C(C)C#CCC)C(=O)NC(=O)N(C)C1=O,1,LightBBB,
423,CN(C)CCc1c[nH]c2ccc(O)cc12,1,LightBBB,
424,Cn1c(=O)c2c(ncn2C)n(C)c1=O,1,LightBBB,
425,NC(=O)N1c2ccccc2C=Cc2ccccc21,1,LightBBB,
426,Cn1c(=O)[nH]c2ncn(C)c2c1=O,1,LightBBB,
427,CCCO,1,LightBBB,
428,CC(C)=O,1,LightBBB,
429,CN1Cc2c(C(=O)OC(C)(C)C)ncn2-c2ccsc2C1=O,1,LightBBB,
430,CCCN(CCC)CCc1ccc(O)c2c1CC(=O)N2,1,LightBBB,
431,O=C(O)CNC(=O)c1ccccc1O,1,LightBBB,
432,Cn1cnc2c1c(=O)[nH]c(=O)n2C,1,LightBBB,
433,CCCC(C)C1(CC)C(=O)NC(=S)NC1=O,0,LightBBB,
434,CN(C)C(=O)C(CCN1CCC(O)(c2ccc(Cl)cc2)CC1)(c1ccccc1)c1ccccc1,0,LightBBB,
435,CNCCc1ccccn1,1,LightBBB,
436,NCCc1nc(-c2ccccc2)cs1,0,LightBBB,
437,NCCc1cn2ccccc2n1,0,LightBBB,
438,CCOC(=O)N1CCC(=C2c3ccc(Cl)cc3CCc3cccnc32)CC1,0,LightBBB,
439,CCn1cc(C(=O)O)c(=O)c2cc(F)c(N3CCN(C)CC3)cc21,0,LightBBB,
440,O=C1NC(=O)C(c2ccccc2)(c2ccccc2)N1,1,LightBBB,
441,CC(C)O,1,LightBBB,
442,NC(=O)N1c2ccccc2C2OC2c2ccccc21,1,LightBBB,
443,CNCCc1ccccn1,1,LightBBB,
444,S=C(NC1CCCCC1)N1CCC(c2c[nH]cn2)CC1,1,LightBBB,
445,C[C@@H]1CN(c2c(F)c(N)c3c(=O)c(C(=O)O)cn(C4CC4)c3c2F)C[C@H](C)N1,0,LightBBB,
446,CCC1(C)CC(=O)NC1=O,1,LightBBB,
447,O=[N+]([O-])c1cc[nH]c1NCCSCc1ccccn1,1,LightBBB,
448,CC(C)(C)c1ccc(C(O)CCCN2CCC(C(O)(c3ccccc3)c3ccccc3)CC2)cc1,0,LightBBB,
449,CC(=O)NCCCOc1cccc(CN2CCCCC2)c1,1,LightBBB,
450,O=C(NCCCOc1cccc(CN2CCCCC2)c1)c1ccccc1,1,LightBBB,
451,OCCCOc1cccc(CN2CCCCC2)c1,1,LightBBB,
452,Cn1c(=O)c2nc[nH]c2n(C)c1=O,1,LightBBB,
453,CCN(CC)CC(=O)Nc1c(C)cccc1C,1,LightBBB,
454,CCCC(C)(COC(N)=O)COC(N)=O,1,LightBBB,
455,CCCC(=O)Nc1ccc(OCC(O)CNC(C)C)c(C(C)=O)c1,1,LightBBB,
456,Nc1nc(=O)c2ncn(COCCO)c2[nH]1,1,LightBBB,
457,CN1CCCCC1CCN1c2ccccc2Sc2ccc(S(C)=O)cc21,1,LightBBB,
458,Cc1ccccc1C(OCCN(C)C)c1ccccc1,1,LightBBB,
459,COc1ccc2c(c1)[C@]13CCCC[C@@H]1[C@H](C2)N(C)CC3,1,LightBBB,
460,CC=CCC(C)C(O)C1C(=O)NC(CC)C(=O)N(C)CC(=O)N(C)C(CC(C)C)C(=O)NC(C(C)C)C(=O)N(C)C(CC(C)C)C(=O)NC(C)C(=O)NC(C)C(=O)N(C)C(CC(C)C)C(=O)N(C)C(CC(C)C)C(=O)N(C)C(C(C)C)C(=O)N1C,0,LightBBB,
461,OCCN(CCO)c1nc(N2CCCCC2)c2nc(N(CCO)CCO)nc(N3CCCCC3)c2n1,0,LightBBB,
462,CC(C)(C(=O)O)c1ccc(C(O)CCCN2CCC(C(O)(c3ccccc3)c3ccccc3)CC2)cc1,0,LightBBB,
463,CC(=O)Nc1nnc(S(N)(=O)=O)s1,1,LightBBB,
464,Nc1nc(=O)c2ncn(COCCO)c2[nH]1,1,LightBBB,
465,CCC(C)(C)O,1,LightBBB,
466,CC(=O)Oc1ccccc1C(=O)O,1,LightBBB,
467,CCC1(CC)C(=O)NC(=O)NC1=O,1,LightBBB,
468,COCc1c(C(C)C)nc(C(C)C)c(/C=C/[C@@H](O)C[C@@H](O)CC(=O)O)c1-c1ccc(F)cc1,1,LightBBB,
469,CN1C(=O)CCC1c1cccnc1,1,LightBBB,
470,CCC1(C2=CCCCC2)C(=O)NC(=O)NC1=O,1,LightBBB,
471,NC(=O)OCC(COC(N)=O)c1ccccc1,1,LightBBB,
472,COc1ccc2c(c1)c(CC(=O)O)c(C)n2C(=O)c1ccc(Cl)cc1,1,LightBBB,
473,CCOC(=O)N1CCC(=C2c3ccc(Cl)cc3CCc3cccnc32)CC1,1,LightBBB,
474,c1ccc2c(c1)Sc1ccccc1N2CC1CN2CCC1CC2,1,LightBBB,
475,Clc1ccc(COC(Cn2ccnc2)c2ccc(Cl)cc2Cl)c(Cl)c1,1,LightBBB,
476,O=C1NC(=O)C(c2ccccc2)(c2ccccc2)N1,1,LightBBB,
477,CCC(C)(C)C(=O)O[C@H]1C[C@@H](C)C=C2C=C[C@H](C)[C@H](CC[C@@H]3C[C@@H](O)CC(=O)O3)[C@H]21,1,LightBBB,
478,O=C1CCC(N2C(=O)c3ccccc3C2=O)C(=O)N1,1,LightBBB,
479,CC1(C)O[C@@H]2[C@@H](CO[C@@]3(COS(N)(=O)=O)OC(C)(C)O[C@@H]23)O1,1,LightBBB,
480,COc1cc(NCc2ccc3nc(N)nc(N)c3c2C)cc(OC)c1OC,1,LightBBB,
481,CN1C2CCC1CC(OC(=O)C(CO)c1ccccc1)C2,1,LightBBB,
482,NC(=O)C1c2ccccc2C=Cc2ccccc21,1,LightBBB,
483,N[C@@H](Cc1ccc(O)c(O)c1)C(=O)O,1,LightBBB,
484,C[C@H]1C[C@@H]2[C@H]([C@@H](O)C[C@@]3(C)[C@H]2CC[C@]3(O)C(=O)CO)[C@@]2(C)C=CC(=O)C=C12,1,LightBBB,
485,CC(=O)Nc1ccc(O)cc1,1,LightBBB,
486,C1CCc2nnnn2CC1,1,LightBBB,
487,CCN1CCCC1CNC(=O)c1cc(S(N)(=O)=O)ccc1OC,1,LightBBB,
488,Nc1nc2c(ncn2COCCO)c(=O)[nH]1,1,LightBBB,
489,NCCc1nc(-c2ccccc2)cs1,0,LightBBB,
490,O=C(O)CCCc1ccc(N(CCCl)CCCl)cc1,0,LightBBB,
491,NS(=O)(=O)c1cc2c(cc1Cl)NCNS2(=O)=O,0,LightBBB,
492,COc1ccc2c(c1)c(CC(=O)O)c(C)n2C(=O)c1ccc(Cl)cc1,0,LightBBB,
493,CN(C)C(=O)C(CCN1CCC(O)(c2ccc(Cl)cc2)CC1)(c1ccccc1)c1ccccc1,0,LightBBB,
494,CCOC(=O)N1CCC(=C2c3ccc(Cl)cc3CCc3cccnc32)CC1,0,LightBBB,
495,Cc1cnc(NC(=O)C2=C(O)c3ccccc3S(=O)(=O)N2C)s1,0,LightBBB,
496,COc1ccc2[nH]c(S(=O)Cc3ncc(C)c(OC)c3C)nc2c1,0,LightBBB,
497,CCn1cc(C(=O)O)c(=O)c2cc(F)c(N3CCN(C)CC3)cc21,0,LightBBB,
498,CN1C(C(=O)Nc2ccccn2)=C(O)c2ccccc2S1(=O)=O,0,LightBBB,
499,CCCN(CCC)S(=O)(=O)c1ccc(C(=O)O)cc1,0,LightBBB,
500,CC(C)(C)NC(=O)C1CC2CCCCC2CN1CC(O)C(Cc1ccccc1)NC(=O)C(CC(N)=O)NC(=O)c1ccc2ccccc2n1,0,LightBBB,
501,COc1cc(NCc2ccc3nc(N)nc(N)c3c2C)cc(OC)c1OC,0,LightBBB,
502,O=[N+]([O-])c1cc[nH]c1NCCSCc1ccccn1,1,LightBBB,
503,OCc1ncc2n1-c1ccc(Cl)cc1C(c1ccccc1F)=NC2,1,LightBBB,
504,Cc1ncc2n1-c1ccc(Cl)cc1C(c1ccccc1F)=NC2O,1,LightBBB,
505,CCCC(=O)Nc1ccc(OCC(O)CNC(C)C)c(C(C)=O)c1,1,LightBBB,
506,NCCC(O)C(=O)NC1CC(N)C(OC2OC(CN)C(O)C(O)C2O)C(O)C1OC1OC(CO)C(O)C(N)C1O,1,LightBBB,
507,Cc1c(N(C)C)c(=O)n(-c2ccccc2)n1C,1,LightBBB,
508,Cc1cc(=O)n(-c2ccccc2)n1C,1,LightBBB,
509,Cn1c(=O)c2c(ncn2C)n(C)c1=O,1,LightBBB,
510,NC(=O)N1c2ccccc2C2OC2c2ccccc21,1,LightBBB,
511,CC1(C)SC2C(NC(=O)C(C(=O)O)c3ccccc3)C(=O)N2C1C(=O)O,1,LightBBB,
512,O=NN(CCCl)C(=O)NCCCl,1,LightBBB,
513,CCN(CC)CCCC(C)Nc1ccnc2cc(Cl)ccc12,1,LightBBB,
514,O=c1[nH]c2ccccc2n1CCCN1CCC(n2c(=O)[nH]c3cc(Cl)ccc32)CC1,1,LightBBB,
515,CC1c2cccc(O)c2C(=O)C2=C(O)C3(O)C(=O)C(C(N)=O)=C(O)C(N(C)C)C3C(O)C21,1,LightBBB,
516,CC12CCC3c4ccc(O)cc4CCC3C1CCC2O,1,LightBBB,
517,CCO,1,LightBBB,
518,CCOC(=O)c1ncn2c1CN(C)C(=O)c1cc(F)ccc1-2,1,LightBBB,
519,CC(C)Cc1ccc(C(C)C(=O)O)cc1,1,LightBBB,
520,CC(C)(C)NC(=O)C1CN(Cc2cccnc2)CCN1CC(O)CC(Cc1ccccc1)C(=O)NC1c2ccccc2CC1O,1,LightBBB,
521,NNC(=O)c1ccncc1,1,LightBBB,
522,CC(C)c1nc(-c2ncn3c2CN(C)C(=O)c2c(Cl)cccc2-3)no1,1,LightBBB,
523,CC1COc2c(N3CCN(C)CC3)c(F)cc3c(=O)c(C(=O)O)cn1c23,1,LightBBB,
524,COc1ccc(CN(CCN(C)C)c2ccccn2)cc1,1,LightBBB,
525,CN(C)c1ccc(O)c2c1CC1CC3C(N(C)C)C(O)=C(C(N)=O)C(=O)C3(O)C(O)=C1C2=O,1,LightBBB,
526,Cc1ccnc2c1NC(=O)c1cccnc1N2C1CC1,1,LightBBB,
527,C=CCC(N)c1ccccc1-c1noc2ccccc12,1,LightBBB,
528,Cn1c(=O)[nH]c2ncn(C)c2c1=O,1,LightBBB,
529,CCCCC1C(=O)N(c2ccccc2)N(c2ccccc2)C1=O,1,LightBBB,
530,CC(C)NCC(O)COc1cccc2[nH]ccc12,1,LightBBB,
531,CC(=O)C1CCC2C3CCC4=CC(=O)CCC4(C)C3CCC12C,1,LightBBB,
532,CCCO,1,LightBBB,
533,CC(C)NCC(O)COc1cccc2ccccc12,1,LightBBB,
534,NC(=O)c1ncn(C2OC(CO)C(O)C2O)n1,1,LightBBB,
535,CN1Cc2c(C(=O)OC(C)(C)C)ncn2-c2ccsc2C1=O,1,LightBBB,
536,O=C(O)CNC(=O)c1ccccc1O,1,LightBBB,
537,CCCN(CCC)CCc1ccc(O)c2c1CC(=O)N2,1,LightBBB,
538,CC(C)NCC(O)c1ccc(NS(C)(=O)=O)cc1,1,LightBBB,
539,Cc1cn(C2C=CC(CO)O2)c(=O)[nH]c1=O,1,LightBBB,
540,Nc1c2c(nc3ccccc13)CCCC2,1,LightBBB,
541,CCC(=C(c1ccccc1)c1ccc(OCCN(C)C)cc1)c1ccccc1,1,LightBBB,
542,COc1cc(C2c3cc4c(cc3C(OC3OC5COC(c6cccs6)OC5C(O)C3O)C3COC(=O)C23)OCO4)cc(OC)c1OC,1,LightBBB,
543,CC12CCC(=O)C=C1CCC1C2CCC2(C)C(O)CCC12,1,LightBBB,
544,Cn1c(=O)c2[nH]cnc2n(C)c1=O,1,LightBBB,
545,CCCC(C)C1(CC)C(=O)NC(=S)NC1=O,1,LightBBB,
546,S=C(NC1CCCCC1)N1CCC(c2c[nH]cn2)CC1,1,LightBBB,
547,CC1(C)SC2C(NC(=O)C(C(=O)O)c3ccsc3)C(=O)N2C1C(=O)O,1,LightBBB,
548,CCC1(O)C(=O)OCc2c1cc1n(c2=O)Cc2cc3c(CN(C)C)c(O)ccc3nc2-1,1,LightBBB,
549,NC(N)=O,1,LightBBB,
550,COc1ccc(CCN(C)CCCC(C#N)(c2ccc(OC)c(OC)c2)C(C)C)cc1OC,1,LightBBB,
551,Nc1ccn(C2CCC(CO)O2)c(=O)n1,1,LightBBB,
552,CC(=O)Nc1nnc(S(N)(=O)=O)s1,1,LightBBB,
553,COc1ccc(CCN2CCC(Nc3nc4ccccc4n3Cc3ccc(F)cc3)CC2)cc1,1,LightBBB,
554,NC(=O)N1c2ccccc2C=Cc2ccccc21,1,LightBBB,
555,O=NN(CCCl)C(=O)NCCCl,1,LightBBB,
556,CN(C)CCC[C@@]1(c2ccc(F)cc2)OCc2cc(C#N)ccc21,1,LightBBB,
557,O=c1ccc2ccccc2o1,1,LightBBB,
558,CCN(CC)CCOC(=O)C1(C2CCCCC2)CCCCC1,1,LightBBB,
559,NNc1nncc2ccccc12,1,LightBBB,
560,CC[C@@H](C(N)=O)N1CCCC1=O,1,LightBBB,
561,Cc1ccc(Cl)c(Nc2ccccc2C(=O)O)c1Cl,1,LightBBB,
562,C[C@H]1COc2c(N3CCN(C)CC3)c(F)cc3c(=O)c(C(=O)O)cn1c23,1,LightBBB,
563,Cc1ccccc1[C@@H](OCCN(C)C)c1ccccc1,1,LightBBB,
564,CN1C(C(=O)Nc2ccccn2)=C(O)c2ccccc2S1(=O)=O,1,LightBBB,
565,CCCN(CCC)S(=O)(=O)c1ccc(C(=O)O)cc1,1,LightBBB,
566,CCC(=C(c1ccccc1)c1ccc(OCCN(C)C)cc1)c1ccccc1,1,LightBBB,
567,CC(C)(C)c1ccc([C@H](O)CCCN2CCC(C(O)(c3ccccc3)c3ccccc3)CC2)cc1,1,LightBBB,
568,Cn1c(=O)c2c(ncn2C)n(C)c1=O,1,LightBBB,
569,Cc1cc(=O)n(-c2ccccc2)n1C,1,LightBBB,
570,COc1ccc(Cl)cc1C(=O)NCCc1ccc(S(=O)(=O)NC(=O)NC2CCCCC2)cc1,1,LightBBB,
571,Cc1ccc(NC(=O)c2ccc(CN3CCN(C)CC3)cc2)cc1Nc1nccc(-c2cccnc2)n1,1,LightBBB,
572,CCN(CC)CC(=O)Nc1c(C)cccc1C,1,LightBBB,
573,O=C(O)CCc1nc(-c2ccccc2)c(-c2ccccc2)o1,1,LightBBB,
574,CCCC(CCC)C(=O)O,1,LightBBB,
575,Cc1nc2n(c(=O)c1CCN1CCC(c3noc4cc(F)ccc34)CC1)CCCC2,1,LightBBB,
576,CCOC(=O)C(C)(C)Oc1ccc(Cl)cc1,1,LightBBB,
577,CCCNC(=O)NS(=O)(=O)c1ccc(Cl)cc1,1,LightBBB,
578,CCOC(=O)c1ncn2c1CN(C)C(=O)c1cc(F)ccc1-2,1,LightBBB,
579,O=C1CN(/N=C/c2ccc([N+](=O)[O-])o2)C(=O)N1,1,LightBBB,
580,CCn1cc(C(=O)O)c(=O)c2cc(F)c(N3CCN(C)CC3)cc21,1,LightBBB,
581,CCCNC[C@H](O)COc1ccccc1C(=O)CCc1ccccc1,1,LightBBB,
582,Nc1c2c(nc3ccccc13)CCCC2,1,LightBBB,
583,CCOC(=O)C1=C(C)NC(C)=C(C(=O)OC)[C@@H]1c1cccc(Cl)c1Cl,1,LightBBB,
584,OC(Cn1cncn1)(Cn1cncn1)c1ccc(F)cc1F,1,LightBBB,
585,CCCCCc1cc(O)c2c(c1)OC(C)(C)[C@@H]1CCC(C)=C[C@@H]21,1,LightBBB,
586,CCC(=C(CC)c1ccc(O)cc1)c1ccc(O)cc1,1,LightBBB,
587,NC(=O)OCC(COC(N)=O)c1ccccc1,1,LightBBB,
588,CCOC(=O)N1CCC(=C2c3ccc(Cl)cc3CCc3cccnc32)CC1,1,LightBBB,
589,Cc1cccc(Nc2ccccc2C(=O)O)c1C,1,LightBBB,
590,Cc1cnc(NC(=O)C2=C(O)c3ccccc3S(=O)(=O)N2C)s1,1,LightBBB,
591,COc1ccc(Cc2nccc3cc(OC)c(OC)cc23)cc1OC,1,LightBBB,
592,CCOC(=O)C1=C(C)NC(C)=C(C(=O)OC)[C@@H]1c1cccc([N+](=O)[O-])c1,1,LightBBB,
593,CCCC(=O)Nc1ccc(OC[C@@H](O)CNC(C)C)c(C(C)=O)c1,1,LightBBB,
594,CC(=O)Nc1ccc(O)cc1,1,LightBBB,
595,CC(=O)Oc1ccccc1C(=O)O,1,LightBBB,
596,NNC(=O)c1ccncc1,1,LightBBB,
597,COc1ccc2[nH]c(S(=O)Cc3ncc(C)c(OC)c3C)nc2c1,1,LightBBB,
598,CN(C/C=C/C#CC(C)(C)C)Cc1cccc2ccccc12,1,LightBBB,
599,CCC1(c2ccccc2)C(=O)NCNC1=O,1,LightBBB,
600,N[C@H](CO)C(=O)NNCc1ccc(O)c(O)c1O,1,LightBBB,
601,NS(=O)(=O)c1cc2c(cc1C(F)(F)F)NCNS2(=O)=O,1,LightBBB,
602,CNS(=O)(=O)Cc1ccc2[nH]cc(CCN(C)C)c2c1,1,LightBBB,
603,O=C(O)c1cc(N=Nc2ccc(S(=O)(=O)Nc3ccccn3)cc2)ccc1O,1,LightBBB,
604,OCCN(CCO)c1nc(N2CCCCC2)c2nc(N(CCO)CCO)nc(N3CCCCC3)c2n1,1,LightBBB,
605,O=C(O)CCCc1ccc(N(CCCl)CCCl)cc1,1,LightBBB,
606,CNCCc1ccccn1,1,LightBBB,
607,CCC1(c2ccccc2)C(=O)NC(=O)NC1=O,1,LightBBB,
608,O=c1n(CCCN2CCN(c3cccc(Cl)c3)CC2)nc2ccccn12,1,LightBBB,
609,COc1ccc2cc([C@H](C)C(=O)O)ccc2c1,1,LightBBB,
610,Cc1nnc2n1-c1ccc(Cl)cc1C(c1ccccc1)=NC2,1,LightBBB,
611,CN(C)CCc1c[nH]c2ccc(Cn3cncn3)cc12,1,LightBBB,
612,CCCCNC(=O)NS(=O)(=O)c1ccc(C)cc1,1,LightBBB,
613,CCCCc1nc(Cl)c(CO)n1Cc1ccc(-c2ccccc2-c2nnn[nH]2)cc1,1,LightBBB,
614,NS(=O)(=O)c1cc2c(cc1Cl)NCNS2(=O)=O,1,LightBBB,
615,Nc1nc2c(ncn2COCCO)c(=O)[nH]1,1,LightBBB,
616,CCC(C)(C)O,1,LightBBB,
617,CC(=O)Oc1ccccc1C(=O)O,1,LightBBB,
618,CCC1(CC)C(=O)NC(=O)NC1=O,1,LightBBB,
619,NC(=O)N1c2ccccc2C=Cc2ccccc21,1,LightBBB,
620,CCC1(C2=CCCCC2)C(=O)NC(=O)NC1=O,1,LightBBB,
621,Nc1ccc(S(=O)(=O)c2ccc(N)cc2)cc1,1,LightBBB,
622,ClCCl,1,LightBBB,
623,OC(Cn1cncn1)(Cn1cncn1)c1ccc(F)cc1F,1,LightBBB,
624,COc1ccc2c(c1)c(CC(=O)O)c(C)n2C(=O)c1ccc(Cl)cc1,1,LightBBB,
625,CCOC(=O)N1CCC(=C2c3ccc(Cl)cc3CCc3cccnc32)CC1,1,LightBBB,
626,CCOc1ccc(NC(C)=O)cc1,1,LightBBB,
627,O=C1NC(=O)C(c2ccccc2)(c2ccccc2)N1,1,LightBBB,
628,Cc1nc2n(c(=O)c1CCN1CCC(c3noc4cc(F)ccc34)CC1)CCCC2,1,LightBBB,
629,Cn1cnc2c1c(=O)[nH]c(=O)n2C,1,LightBBB,
630,O=c1n(CCCN2CCN(c3cccc(Cl)c3)CC2)nc2ccccn12,1,LightBBB,
631,COc1cc(NCc2ccc3nc(N)nc(N)c3c2C)cc(OC)c1OC,1,LightBBB,
632,COc1ccc(CCN2CCC(Nc3nc4ccccc4n3Cc3ccc(F)cc3)CC2)cc1,0,LightBBB,
633,Cn1nnnc1SCC1=C(C(=O)O)N2C(=O)[C@@H](NC(=O)[C@H](O)c3ccccc3)[C@H]2SC1,0,LightBBB,
634,OCCN(CCO)c1nc(N2CCCCC2)c2nc(N(CCO)CCO)nc(N3CCCCC3)c2n1,0,LightBBB,
635,O=c1[nH]c2ccccc2n1CCCN1CCC(n2c(=O)[nH]c3cc(Cl)ccc32)CC1,0,LightBBB,
636,COc1ccc(Cl)cc1C(=O)NCCc1ccc(S(=O)(=O)NC(=O)NC2CCCCC2)cc1,0,LightBBB,
637,N[C@@H](Cc1ccc(O)c(O)c1)C(=O)O,0,LightBBB,
638,C[C@H]1COc2c(N3CCN(C)CC3)c(F)cc3c(=O)c(C(=O)O)cn1c23,0,LightBBB,
639,CCCCc1nc(Cl)c(CO)n1Cc1ccc(-c2ccccc2-c2nnn[nH]2)cc1,0,LightBBB,
640,CCn1cc(C(=O)O)c(=O)c2ccc(C)nc21,0,LightBBB,
641,CC(C)(C)c1ccc([C@H](O)CCCN2CCC(C(O)(c3ccccc3)c3ccccc3)CC2)cc1,0,LightBBB,
642,CC[C@@]1(O)C(=O)OCc2c1cc1n(c2=O)Cc2cc3c(CN(C)C)c(O)ccc3nc2-1,0,LightBBB,
643,Cc1nnc2n1-c1ccc(Cl)cc1C(c1ccccc1)=NC2,1,LightBBB,
644,CCC1(CCC(C)C)C(=O)NC(=O)NC1=O,1,LightBBB,
645,NC(=O)C1c2ccccc2C=Cc2ccccc21,1,LightBBB,
646,CN1C(=O)CN=C(c2ccccc2F)c2cc([N+](=O)[O-])ccc21,1,LightBBB,
647,N[C@@H](Cc1ccc(O)c(O)c1)C(=O)O,1,LightBBB,
648,C1CCc2nnnn2CC1,1,LightBBB,
649,CCC1(c2ccccc2)C(=O)NC(=O)NC1=O,1,LightBBB,
650,CCC1(c2ccccc2)C(=O)NCNC1=O,1,LightBBB,
651,Cc1ccc(-c2nc3ccc(C)cn3c2CC(=O)N(C)C)cc1,1,LightBBB,
652,CCN(CC)CC(=O)Nc1c(C)cccc1C,0,LightBBB,
653,Cc1ccccc1[C@@H](OCCN(C)C)c1ccccc1,0,LightBBB,
654,CCCNC[C@H](O)COc1ccccc1C(=O)CCc1ccccc1,0,LightBBB,
655,CC/C(=C(/c1ccccc1)c1ccc(OCCN(C)C)cc1)c1ccccc1,0,LightBBB,
656,CC(C)=O,1,LightBBB,
657,CCCCO,1,LightBBB,
658,C,1,LightBBB,
659,CN1C(=O)CCC1c1cccnc1,1,LightBBB,
660,CCO,1,LightBBB,
661,CO,1,LightBBB,
662,N#[N+][O-],1,LightBBB,
663,,1,LightBBB,
664,CCCO,1,LightBBB,
665,NC(N)=O,1,LightBBB,
666,O=C1NC(=O)C(c2ccccc2)(c2ccccc2)N1,1,LightBBB,
667,Nc1c2c(nc3ccccc13)CCCC2,1,LightBBB,
668,CCCC(=O)Nc1ccc(OCC(O)CNC(C)C)c(C(C)=O)c1,1,LightBBB,
669,CC(=O)Nc1ccc(O)cc1,1,LightBBB,
670,Nc1nc(=O)c2ncn(COCCO)c2[nH]1,1,LightBBB,
671,Cc1nnc2n1-c1ccc(Cl)cc1C(c1ccccc1)=NC2,1,LightBBB,
672,C=CCc1ccccc1OCC(O)CNC(C)C,1,LightBBB,
673,Cn1c(=O)c2[nH]cnc2n(C)c1=O,1,LightBBB,
674,CCC1(CCC(C)C)C(=O)NC(=O)NC1=O,1,LightBBB,
675,Cc1cc(=O)n(-c2ccccc2)n1C,1,LightBBB,
676,CC(=O)Oc1ccccc1C(=O)O,1,LightBBB,
677,CCC1(CC)C(=O)NC(=O)NC1=O,1,LightBBB,
678,CNCCc1ccccn1,1,LightBBB,
679,Cn1c(=O)c2c(ncn2C)n(C)c1=O,1,LightBBB,
680,COc1ccc(CCN(C)CCCC(C#N)(c2ccc(OC)c(OC)c2)C(C)C)cc1OC,1,LightBBB,
681,NC(=O)N1c2ccccc2C=Cc2ccccc21,1,LightBBB,
682,NC(=O)N1c2ccccc2C2OC2c2ccccc21,1,LightBBB,
683,O=NN(CCCl)C(=O)NCCCl,1,LightBBB,
684,CC(C)(C)NCC(O)COc1cccc2c1CCC(=O)N2,1,LightBBB,
685,O=C(O)CCCc1ccc(N(CCCl)CCCl)cc1,0,LightBBB,
686,CCCC(CCC)C(=O)O,1,LightBBB,
687,O=c1[nH]c2ccccc2n1CCCN1CCC(n2c(=O)[nH]c3cc(Cl)ccc32)CC1,1,LightBBB,
688,CCOc1ccccc1C(N)=O,1,LightBBB,
689,CCOCC,1,LightBBB,
690,CC(C)(C(=O)O)c1ccc(C(O)CCCN2CCC(C(O)(c3ccccc3)c3ccccc3)CC2)cc1,1,LightBBB,
691,CCOC(=O)c1ncn2c1CN(C)C(=O)c1cc(F)ccc1-2,1,LightBBB,
692,CN1C(=O)CN=C(c2ccccc2F)c2cc([N+](=O)[O-])ccc21,1,LightBBB,
693,O=C(O)c1cc(O)ccc1O,1,LightBBB,
694,CN1C(=O)NC(=O)C(C)(C2=CCCCC2)C1=O,1,LightBBB,
695,CC(C)Cc1ccc(C(C)C(=O)O)cc1,1,LightBBB,
696,CCN(CC)CC(=O)Nc1c(C)cccc1C,1,LightBBB,
697,COc1ccc2c(c1)c(CC(=O)O)c(C)n2C(=O)c1ccc(Cl)cc1,0,LightBBB,
698,CC(C)O,1,LightBBB,
699,CN(C)C(=O)C(CCN1CCC(O)(c2ccc(Cl)cc2)CC1)(c1ccccc1)c1ccccc1,1,LightBBB,
700,CN1CCCCC1CCN1c2ccccc2Sc2ccc(S(C)=O)cc21,1,LightBBB,
701,CN(Cc1cnc2nc(N)nc(N)c2n1)c1ccc(C(=O)NC(CCC(=O)O)C(=O)O)cc1,1,LightBBB,
702,CCn1cc(C(=O)O)c(=O)c2ccc(C)nc21,1,LightBBB,
703,Cc1ccnc2c1NC(=O)c1cccnc1N2C1CC1,1,LightBBB,
704,COc1ccc2nc(S(=O)Cc3ncc(C)c(OC)c3C)[nH]c2c1,1,LightBBB,
705,Cn1c(=O)[nH]c2ncn(C)c2c1=O,1,LightBBB,
706,CCCC(C)C1(CC)C(=O)NC(=O)NC1=O,1,LightBBB,
707,CCCCC1C(=O)N(c2ccccc2)N(c2ccccc2)C1=O,1,LightBBB,
708,CC(C)NCC(O)COc1cccc2[nH]ccc12,1,LightBBB,
709,CCC1(c2ccccc2)C(=O)NCNC1=O,1,LightBBB,
710,CCN(CC)CCOC(=O)c1ccc(N)cc1,1,LightBBB,
711,CC(C)NCC(O)COc1cccc2ccccc12,1,LightBBB,
712,COc1ccc(CN(CCN(C)C)c2ccccn2)cc1,1,LightBBB,
713,NC(=O)c1ncn(C2OC(CO)C(O)C2O)n1,1,LightBBB,
714,Cc1nc2n(c(=O)c1CCN1CCC(c3noc4cc(F)ccc34)CC1)CCCC2,1,LightBBB,
715,CSC(=N)N,1,LightBBB,
716,Cc1cn(C2C=CC(CO)O2)c(=O)[nH]c1=O,1,LightBBB,
717,CN1C2CC(OC(=O)C(CO)c3ccccc3)CC1C1OC12,1,LightBBB,
718,CC(C)NCC(O)c1ccc(NS(C)(=O)=O)cc1,1,LightBBB,
719,CC(C)(C)c1ccc(C(O)CCCN2CCC(C(O)(c3ccccc3)c3ccccc3)CC2)cc1,1,LightBBB,
720,Cn1cnc2c1c(=O)[nH]c(=O)n2C,1,LightBBB,
721,CSc1ccc2c(c1)N(CCC1CCCCN1C)c1ccccc1S2,1,LightBBB,
722,CC(C=CC1=C(C)CCCC1(C)C)=CC=CC(C)=CC(=O)O,1,LightBBB,
723,Cc1cn(C2CC(N=[N+]=[N-])C(CO)O2)c(=O)[nH]c1=O,1,LightBBB,
724,Cc1ccc(-c2nc3ccc(C)cn3c2CC(=O)N(C)C)cc1,1,LightBBB,
725,C1CCc2nnnn2CC1,1,LightBBB,
726,C=CC1CN2CCC1CC2C(O)c1ccnc2ccc(OC)cc12,1,LightBBB,
727,CNC(=O)Oc1ccc2c(c1)C1(C)CCN(C)C1N2C,1,LightBBB,
728,Cc1c(N(C)C)c(=O)n(-c2ccccc2)n1C,1,LightBBB,
729,NC(Cc1ccc(O)c(O)c1)C(=O)O,1,LightBBB,
730,ClCCl,1,LightBBB,
731,C1CC1,1,LightBBB,
732,C1CO1,1,LightBBB,
733,CC(Cl)Cl,1,LightBBB,
734,CCC(C)(C)O,1,LightBBB,
735,CC(C)CO,1,LightBBB,
736,CCC(C)=O,1,LightBBB,
737,ClCC(Cl)Cl,1,LightBBB,
738,COC(C)=O,1,LightBBB,
739,CC(C)(c1ccc(O)cc1)c1ccc(O)cc1,1,LightBBB,
740,C=CC=C,1,LightBBB,
741,C=CC#N,1,LightBBB,
742,C#CCO,1,LightBBB,
743,CCCC(C)=O,1,LightBBB,
744,C=CC,1,LightBBB,
745,Cc1c(I)c(=O)n(-c2ccccc2)n1C,1,LightBBB,
746,CCC(C)CO,1,LightBBB,
747,CCOC(C)=O,1,LightBBB,
748,C=CCC1(C(C)C#CCC)C(=O)NC(=O)N(C)C1=O,1,LightBBB,
749,FC(F)=CCl,1,LightBBB,
750,O=C(O)CNC(=O)c1ccccc1O,1,LightBBB,
751,CCC1(O)CC2CN(CCc3c([nH]c4ccccc34)C(C(=O)OC)(c3cc4c(cc3OC)N(C)C3C(O)(C(=O)OC)C(OC(C)=O)C5(CC)C=CCN6CCC43C65)C2)C1,1,LightBBB,
752,Cc1cccc(OCC(O)CNC(C)C)c1,1,LightBBB,
753,Nc1ccn(C2CCC(CO)O2)c(=O)n1,0,LightBBB,
754,COc1cccc2c1C(=O)c1c(O)c3c(c(O)c1C2=O)CC(O)(C(=O)CO)CC3OC1CC(N)C(O)C(C)O1,1,LightBBB,
755,COn1cc(C(=O)O)c(=O)c2cc3c(cc21)OCO3,1,LightBBB,
756,CCCCCCCC1(CC)C(=O)NC(=O)NC1=O,1,LightBBB,
757,CCCC1(CC)C(=O)NC(=O)NC1=O,1,LightBBB,
758,O=C(NCCN1CCN(c2cccc3c2OCC(CO)O3)CC1)c1ccc(F)cc1,1,LightBBB,
759,CC(C)(C)NC(=O)C1CN(Cc2cccnc2)CCN1CC(O)CC(Cc1ccccc1)C(=O)NC1c2ccccc2CC1O,1,LightBBB,
760,Cc1c(O)cccc1C(=O)NC(CSc1ccccc1)C(O)CN1CC2CCCCC2CC1C(=O)NC(C)(C)C,1,LightBBB,
761,Cc1c(O)cccc1C(=O)NC(CSc1ccccc1)C(O)CN1CC2CCCCC2CC1C(=O)NC(C)(C)C,1,LightBBB,
762,CCC(O)(CC(N)=O)c1ccccc1,1,LightBBB,
763,CC12CCC3c4ccc(O)cc4CCC3C1CC(F)C2O,1,LightBBB,
764,O=[N+]([O-])c1nccn1CC(O)CF,1,LightBBB,
765,Cc1cc(=O)n(-c2ccc(F)cc2)n1C,1,LightBBB,
766,CCC1(C)C(=O)NC(=O)NC1=O,1,LightBBB,
767,OCc1ncc2n1-c1ccc(Cl)cc1C(c1ccccc1F)=NC2,1,LightBBB,
768,CC(C)(C)OC(=O)c1ncn2c1C1CCCN1C(=O)c1c(Br)cccc1-2,1,LightBBB,
769,CC1NC(=O)C2(CCCC2)NC1=O,1,LightBBB,
770,Cc1ncc2n1-c1ccc(Cl)cc1C(c1ccccc1F)=NC2O,1,LightBBB,
771,CCOC(=O)c1ncn2c1CN(CCF)C(=O)c1cc(F)ccc1-2,1,LightBBB,
772,CN1Cc2c(C(=O)OC(C)(C)C)ncn2-c2ccsc2C1=O,1,LightBBB,
773,CC(C)c1nc(-c2ncn3c2CN(C)C(=O)c2c(Cl)cccc2-3)no1,1,LightBBB,
774,CCCN(CCC)CCc1ccc(O)c2c1CC(=O)N2,1,LightBBB,
775,O=C(CCCN1CCC2(CC1)C(=O)NCN2c1ccc(Br)cc1)c1ccc(F)cc1,1,LightBBB,
776,CN1C2CCC1CC(OC(=O)C(CO)c1ccccc1)C2,1,LightBBB,
777,CC(C)(C)NC(=O)C1CC2CCCCC2CN1CC(O)C(Cc1ccccc1)NC(=O)C(CC(N)=O)NC(=O)c1ccc2ccccc2n1,1,LightBBB,
778,CN(C)CCCN1c2ccccc2S(=O)c2ccccc21,1,LightBBB,
779,CCC(=C(c1ccccc1)c1ccc(OCCN(C)C)cc1)c1ccccc1,1,LightBBB,
780,Cc1csc(N=C(N)N)n1,1,LightBBB,
781,CCCC(C)C1(CC)C(=O)NC(=S)NC1=O,1,LightBBB,
782,NC(N)=Nc1nc(-c2ccccc2)cs1,1,LightBBB,
783,O=c1c(-c2ccc(O)cc2)coc2cc(O)ccc12,1,LightBBB,
784,CN1CCC23c4c5ccc(O)c4OC2C(O)C=CC3C1C5,1,LightBBB,
785,CN1CCC23CCCCC2C1Cc1ccc(O)cc13,1,LightBBB,
786,CC=CCC(C)C(O)C1C(=O)NC(CC)C(=O)N(C)CC(=O)N(C)C(CC(C)C)C(=O)NC(C(C)C)C(=O)N(C)C(CC(C)C)C(=O)NC(C)C(=O)NC(C)C(=O)N(C)C(CC(C)C)C(=O)N(C)C(CC(C)C)C(=O)N(C)C(C(C)C)C(=O)N1C,1,LightBBB,
787,NCCc1nc(-c2ccccc2)cs1,1,LightBBB,
788,C=CCC(N)c1ccccc1-c1noc2ccccc12,1,LightBBB,
789,CC(=O)NCCCOc1cccc(CN2CCCCC2)c1,1,LightBBB,
790,N=C(N)SCCF,1,LightBBB,
791,O=[N+]([O-])c1nccn1CCCF,1,LightBBB,
792,O=[N+]([O-])c1nccn1CCCCCCCCF,1,LightBBB,
793,OCCCOc1cccc(CN2CCCCC2)c1,1,LightBBB,
794,O=[N+]([O-])c1cc[nH]c1NCCSCc1ccccn1,1,LightBBB,
795,O=[N+]([O-])c1c(Cc2ccccc2)c[nH]c1NCCSCc1ccccn1,1,LightBBB,
796,NC(N)=Nc1nc(-c2cccc(N)c2)cs1,0,LightBBB,
797,O=c1cccc2n1CC1CNC(Br)C2C1,1,LightBBB,
798,OCCN(CCO)c1nc(N2CCCCC2)c2nc(N(CCO)CCO)nc(N3CCCCC3)c2n1,0,DeePred,
799,O=C(NC(CO)C(O)c1ccc([N+](=O)[O-])cc1)C(Cl)Cl,1,DeePred,
800,OC(Cn1cncn1)(Cn1cncn1)c1ccc(F)cc1F,1,DeePred,
801,O=C(O)CNC(=O)c1ccccc1O,1,DeePred,
802,O=C(O)CCCc1ccc(N(CCCl)CCCl)cc1,0,DeePred,
803,O=C1CCC(N2C(=O)c3ccccc3C2=O)C(=O)N1,1,DeePred,
804,O=C1NC(=O)C(c2ccccc2)(c2ccccc2)N1,1,DeePred,
805,Cn1c(=O)[nH]c2ncn(C)c2c1=O,1,DeePred,
806,CC[C@@]1(O)C(=O)OCc2c1cc1n(c2=O)Cc2cc3c(CN(C)C)c(O)ccc3nc2-1,0,DeePred,
807,COc1ccc([C@@H]2Sc3ccccc3N(CCN(C)C)C(=O)[C@@H]2OC(C)=O)cc1,0,DeePred,
808,N[C@H](CO)C(=O)NNCc1ccc(O)c(O)c1O,0,DeePred,
809,CCCC(=O)Nc1ccc(OC[C@@H](O)CNC(C)C)c(C(C)=O)c1,0,DeePred,
810,CCCNC[C@H](O)COc1ccccc1C(=O)CCc1ccccc1,0,DeePred,
811,CC(=O)[C@H]1CC[C@H]2[C@@H]3CCC4=CC(=O)CC[C@]4(C)[C@H]3CC[C@]12C,1,DeePred,
812,CCOC(=O)C1=C(C)NC(C)=C(C(=O)OC)[C@@H]1c1cccc([N+](=O)[O-])c1,0,DeePred,
813,CC(C)(C)c1ccc([C@H](O)CCCN2CCC(C(O)(c3ccccc3)c3ccccc3)CC2)cc1,0,DeePred,
814,CC/C(=C(/c1ccccc1)c1ccc(OCCN(C)C)cc1)c1ccccc1,0,DeePred,
815,Cc1ccccc1[C@@H](OCCN(C)C)c1ccccc1,0,DeePred,
816,NS(=O)(=O)c1cc2c(cc1Cl)NCNS2(=O)=O,0,DeePred,
817,NNC(=O)c1ccncc1,1,DeePred,
818,NCCc1cn2ccccc2n1,0,DeePred,
819,NCCC(O)C(=O)NC1CC(N)C(OC2OC(CN)C(O)C(O)C2O)C(O)C1OC1OC(CO)C(O)C(N)C1O,0,DeePred,
820,NCC1(CC(=O)O)CCCCC1,1,DeePred,
821,Nc1ccn(C2CCC(CO)O2)c(=O)n1,1,DeePred,
822,Nc1c2c(nc3ccccc13)CCCC2,1,DeePred,
823,Nc1ccc(S(=O)(=O)c2ccc(N)cc2)cc1,1,DeePred,
824,Nc1nc2c(ncn2COCCO)c(=O)[nH]1,1,DeePred,
825,Nc1ccn([C@H]2CC[C@@H](CO)O2)c(=O)n1,1,DeePred,
826,NC(N)=O,1,DeePred,
827,Cc1csc(N=C(N)N)n1,1,DeePred,
828,NC(N)=Nc1nc(-c2ccccc2)cs1,1,DeePred,
829,NC(N)=Nc1nc(-c2cccc(N)c2)cs1,0,DeePred,
830,NC(Cc1ccc(O)c(O)c1)C(=O)O,1,DeePred,
831,NC(=O)OCC(COC(N)=O)c1ccccc1,1,DeePred,
832,NC(=O)N1c2ccccc2C=Cc2ccccc21,1,DeePred,
833,NC(=O)C1c2ccccc2C=Cc2ccccc21,1,DeePred,
834,NC(=O)c1ncn(C2OC(CO)C(O)C2O)n1,1,DeePred,
835,OCc1ncc2n1-c1ccc(Cl)cc1C(c1ccccc1F)=NC2,1,DeePred,
836,Cn1c(=O)c2nc[nH]c2n(C)c1=O,1,DeePred,
837,N[C@@H](Cc1ccc(O)c(O)c1)C(=O)O,0,DeePred,
838,C[C@H]1COc2c(N3CCN(C)CC3)c(F)cc3c(=O)c(C(=O)O)cn1c23,0,DeePred,
839,C[C@@H]1CN(c2c(F)c(N)c3c(=O)c(C(=O)O)cn(C4CC4)c3c2F)C[C@H](C)N1,0,DeePred,
840,CSc1ccc2c(c1)N(CCC1CCCCN1C)c1ccccc1S2,1,DeePred,
841,COc1ccc(CCN2CCC(Nc3nc4ccccc4n3Cc3ccc(F)cc3)CC2)cc1,0,DeePred,
842,COc1cccc2c1C(=O)c1c(O)c3c(c(O)c1C2=O)CC(O)(C(=O)CO)CC3OC1CC(N)C(O)C(C)O1,0,DeePred,
843,COc1ccc2c(c1)c(CC(=O)O)c(C)n2C(=O)c1ccc(Cl)cc1,1,DeePred,
844,COc1cc2c(c(OC)c1OC)-c1ccc(OC)c(=O)cc1C(NC(C)=O)CC2,0,DeePred,
845,COc1cc(NCc2ccc3nc(N)nc(N)c3c2C)cc(OC)c1OC,1,DeePred,
846,COc1ccc2[nH]c(S(=O)Cc3ncc(C)c(OC)c3C)nc2c1,0,DeePred,
847,COc1ccc(CN(CCN(C)C)c2ccccn2)cc1,1,DeePred,
848,COc1ccc(CCN(C)CCCC(C#N)(c2ccc(OC)c(OC)c2)C(C)C)cc1OC,1,DeePred,
849,COc1ccc(Cl)cc1C(=O)NCCc1ccc(S(=O)(=O)NC(=O)NC2CCCCC2)cc1,0,DeePred,
850,COc1cc(C2c3cc4c(cc3C(OC3OC5COC(c6cccs6)OC5C(O)C3O)C3COC(=O)C23)OCO4)cc(OC)c1OC,0,DeePred,
851,CNC(=O)Oc1ccc2c(c1)C1(C)CCN(C)C1N2C,1,DeePred,
852,CN1Cc2c(C(=O)OC(C)(C)C)ncn2-c2ccsc2C1=O,1,DeePred,
853,CN1CCC23CCCCC2C1Cc1ccc(O)cc13,1,DeePred,
854,CN1C(=O)NC(=O)C(C)(C2=CCCCC2)C1=O,1,DeePred,
855,CN1C(=O)CN=C(c2ccccc2F)c2cc([N+](=O)[O-])ccc21,1,DeePred,
856,Cc1cnc(NC(=O)C2=C(O)c3ccccc3S(=O)(=O)N2C)s1,0,DeePred,
857,CN1C(C(=O)Nc2ccccn2)=C(O)c2ccccc2S1(=O)=O,0,DeePred,
858,Cn1nnnc1SCC1=C(C(=O)O)N2C(=O)[C@@H](NC(=O)[C@H](O)c3ccccc3)[C@H]2SC1,0,DeePred,
859,Cn1c(=O)c2c(ncn2C)n(C)c1=O,1,DeePred,
860,Cn1cnc2c1c(=O)[nH]c(=O)n2C,1,DeePred,
861,CN1CCCCC1CCN1c2ccccc2Sc2ccc(S(C)=O)cc21,1,DeePred,
862,CN1CCC23c4c5ccc(O)c4OC2C(O)C=CC3C1C5,1,DeePred,
863,CN1C2CCC1CC(OC(=O)C(O)c1ccccc1)C2,1,DeePred,
864,CN1C2CCC1CC(OC(=O)C(CO)c1ccccc1)C2,1,DeePred,
865,CN1C2CCC1CC(OC(=O)C(O)c1ccccc1)C2,1,DeePred,
866,CN1C(=O)CCC1c1cccnc1,1,DeePred,
867,CO/N=C(\C(=O)N[C@@H]1C(=O)N2C(C(=O)O)=C(CSc3nc(=O)c(=O)[nH]n3C)CS[C@H]12)c1csc(N)n1,0,DeePred,
868,CN(Cc1cnc2nc(N)nc(N)c2n1)c1ccc(C(=O)NC(CCC(=O)O)C(=O)O)cc1,0,DeePred,
869,Cc1ccccc1C(OCCN(C)C)c1ccccc1,0,DeePred,
870,CN(C)c1ccc(O)c2c1CC1CC3C(N(C)C)C(O)=C(C(N)=O)C(=O)C3(O)C(O)=C1C2=O,0,DeePred,
871,Cc1c(N(C)C)c(=O)n(-c2ccccc2)n1C,1,DeePred,
872,Cc1ccc(-c2nc3ccc(C)cn3c2CC(=O)N(C)C)cc1,1,DeePred,
873,CN(C)C(=O)C(CCN1CCC(O)(c2ccc(Cl)cc2)CC1)(c1ccccc1)c1ccccc1,0,DeePred,
874,CN(C(=O)C(c1ccccc1)c1ccccc1)C(CN1CCC(O)C1)c1ccccc1,1,DeePred,
875,O=NN(CCCl)C(=O)NCCCl,1,DeePred,
876,ClCCl,1,DeePred,
877,O=c1[nH]c2ccccc2n1CCCN1CCC(n2c(=O)[nH]c3cc(Cl)ccc32)CC1,0,DeePred,
878,Clc1ccc(COC(Cn2ccnc2)c2ccc(Cl)cc2Cl)c(Cl)c1,1,DeePred,
879,O=c1n(CCCN2CCN(c3cccc(Cl)c3)CC2)nc2ccccn12,1,DeePred,
880,Cc1ncc2n1-c1ccc(Cl)cc1C(c1ccccc1F)=N[C@@H]2O,1,DeePred,
881,CCOC(=O)C1=C(C)NC(C)=C(C(=O)OC)[C@@H]1c1cccc(Cl)c1Cl,0,DeePred,
882,CCOCC,1,DeePred,
883,CCOc1ccc(NC(C)=O)cc1,1,DeePred,
884,CCOC(=O)N1CCC(=C2c3ccc(Cl)cc3CCc3cccnc32)CC1,1,DeePred,
885,CCOC(=O)c1ncn2c1CN(C)C(=O)c1cc(F)ccc1-2,1,DeePred,
886,CCO,1,DeePred,
887,CCN1CCCC1CNC(=O)c1cc(S(N)(=O)=O)ccc1OC,1,DeePred,
888,CCn1cc(C(=O)O)c(=O)c2ccc(C)nc21,0,DeePred,
889,CCn1cc(C(=O)O)c(=O)c2cc(F)c(N3CCN(C)CC3)cc21,0,DeePred,
890,CCN(CC)CCCC(C)Nc1ccnc2cc(Cl)ccc12,0,DeePred,
891,CCN(CC)CC(=O)Nc1c(C)cccc1C,0,DeePred,
892,CCN(CC)C(=O)Nc1ccc(OCC(O)CNC(C)(C)C)c(C(C)=O)c1,0,DeePred,
893,CCCO,1,DeePred,
894,CCCN(CCC)S(=O)(=O)c1ccc(C(=O)O)cc1,0,DeePred,
895,CCCN(CCC)CCc1ccc(O)c2c1CC(=O)N2,1,DeePred,
896,CCCCc1nc(Cl)c(CO)n1Cc1ccc(-c2ccccc2-c2nnn[nH]2)cc1,0,DeePred,
897,CCCCC1C(=O)N(c2ccccc2)N(c2ccccc2)C1=O,1,DeePred,
898,CCCC(CCC)C(=O)O,1,DeePred,
899,CCCC(C)C1(CC)C(=O)NC(=S)NC1=O,1,DeePred,
900,CCCC(C)C1(CC)C(=O)NC(=O)NC1=O,1,DeePred,
901,CCCC(C)(COC(N)=O)COC(N)=O,1,DeePred,
902,CCCC(=O)Nc1ccc(OCC(O)CNC(C)C)c(C(C)=O)c1,0,DeePred,
903,CCC1(O)CC2CN(CCc3c([nH]c4ccccc34)C(C(=O)OC)(c3cc4c(cc3OC)N(C)C3C(O)(C(=O)OC)C(OC(C)=O)C5(CC)C=CCN6CCC43C65)C2)C1,0,DeePred,
904,CC=CCC(C)C(O)C1C(=O)NC(CC)C(=O)N(C)CC(=O)N(C)C(CC(C)C)C(=O)NC(C(C)C)C(=O)N(C)C(CC(C)C)C(=O)NC(C)C(=O)NC(C)C(=O)N(C)C(CC(C)C)C(=O)N(C)C(CC(C)C)C(=O)N(C)C(C(C)C)C(=O)N1C,0,DeePred,
905,CCC1(O)C(=O)OCc2c1cc1n(c2=O)Cc2cc3c(CN(C)C)c(O)ccc3nc2-1,0,DeePred,
906,CCC1(CCC(C)C)C(=O)NC(=O)NC1=O,1,DeePred,
907,CCC1(CC)C(=O)NC(=O)NC1=O,1,DeePred,
908,CCC1(C)CC(=O)NC1=O,1,DeePred,
909,CCC1(c2ccccc2)C(=O)NCNC1=O,1,DeePred,
910,CCC1(c2ccccc2)C(=O)NC(=O)NC1=O,1,DeePred,
911,CCC1(C2=CCCCC2)C(=O)NC(=O)NC1=O,1,DeePred,
912,CCC(C)=O,1,DeePred,
913,CCC(C)(C)O,1,DeePred,
914,CCC(=C(c1ccccc1)c1ccc(OCCN(C)C)cc1)c1ccccc1,0,DeePred,
915,Cc1nnc2n1-c1ccc(Cl)cc1C(c1ccccc1)=NC2,1,DeePred,
916,Cc1ccnc2c1NC(=O)c1cccnc1N2C1CC1,1,DeePred,
917,CC1c2cccc(O)c2C(=O)C2=C(O)C3(O)C(=O)C(C(N)=O)=C(O)C(N(C)C)C3C(O)C21,0,DeePred,
918,CC12CCC3c4ccc(O)cc4CCC3C1CCC2O,0,DeePred,
919,CC12CCC(=O)C=C1CCC1C2CCC2(C)C(O)CCC12,1,DeePred,
920,CC12C=CC(=O)C=C1CCC1C3CC(O)C(O)(C(=O)CO)C3(C)CC(O)C12F,1,DeePred,
921,CC1(C)SC2C(NC(=O)C(C(=O)O)c3ccsc3)C(=O)N2C1C(=O)O,0,DeePred,
922,CC1(C)SC2C(NC(=O)C(C(=O)O)c3ccccc3)C(=O)N2C1C(=O)O,0,DeePred,
923,Cc1nc2n(c(=O)c1CCN1CCC(c3noc4cc(F)ccc34)CC1)CCCC2,1,DeePred,
924,CC1COc2c(N3CCN(C)CC3)c(F)cc3c(=O)c(C(=O)O)cn1c23,0,DeePred,
925,Cc1cn(C2C=CC(CO)O2)c(=O)[nH]c1=O,1,DeePred,
926,Cc1cc(=O)n(-c2ccccc2)n1C,1,DeePred,
927,Cc1c(O)cccc1C(=O)NC(CSc1ccccc1)C(O)CN1CC2CCCCC2CC1C(=O)NC(C)(C)C,0,DeePred,
928,CC12CCC(=O)C=C1CCC1C2C(=O)CC2(C)C1CCC2(O)C(=O)CO,1,DeePred,
929,CC12C=CC(=O)C=C1CCC1C2C(O)CC2(C)C1CCC2(O)C(=O)CO,1,DeePred,
930,CC12C=CC(=O)C=C1CCC1C2C(=O)CC2(C)C1CCC2(O)C(=O)CO,1,DeePred,
931,CC/C(=C(/c1ccccc1)c1ccc(OCCN(C)C)cc1)c1ccccc1,0,DeePred,
932,CC(C)O,1,DeePred,
933,CC(C)NCC(O)COc1cccc2ccccc12,0,DeePred,
934,CC(C)NCC(O)COc1cccc2[nH]ccc12,1,DeePred,
935,CC(C)NCC(O)c1ccc(NS(C)(=O)=O)cc1,1,DeePred,
936,CC(C)Cc1ccc(C(C)C(=O)O)cc1,1,DeePred,
937,CC(C)CC(CN)CC(=O)O,1,DeePred,
938,CC(C)=O,1,DeePred,
939,CC(C)(C)NCC(O)COc1cccc2c1CC(O)C(O)C2,0,DeePred,
940,CC(C)(C)NC(=O)C1CC2CCCCC2CN1CC(O)C(Cc1ccccc1)NC(=O)C(CC(N)=O)NC(=O)c1ccc2ccccc2n1,0,DeePred,
941,CC(C)(C)NC(=O)C1CN(Cc2cccnc2)CCN1CC(O)CC(Cc1ccccc1)C(=O)NC1c2ccccc2CC1O,0,DeePred,
942,CC(C)(C)c1ccc(C(O)CCCN2CCC(C(O)(c3ccccc3)c3ccccc3)CC2)cc1,0,DeePred,
943,CC(C)(C(=O)O)c1ccc(C(O)CCCN2CCC(C(O)(c3ccccc3)c3ccccc3)CC2)cc1,0,DeePred,
944,CC(=O)Oc1ccccc1C(=O)O,1,DeePred,
945,CC(=O)Nc1nnc(S(N)(=O)=O)s1,1,DeePred,
946,CC(=O)Nc1ccc(O)cc1,1,DeePred,
947,CC(=O)C1CCC2C3CCC4=CC(=O)CCC4(C)C3CCC12C,1,DeePred,
948,S=C(NC1CCCCC1)N1CCC(c2c[nH]cn2)CC1,1,DeePred,
949,c1ccc2c(c1)Sc1ccccc1N2CC1CN2CCC1CC2,1,DeePred,
950,OCCCOc1cccc(CN2CCCCC2)c1,1,DeePred,
951,O=C(NCCCOc1cccc(CN2CCCCC2)c1)c1ccccc1,1,DeePred,
952,CC(=O)NCCCOc1cccc(CN2CCCCC2)c1,1,DeePred,
953,C1CCc2nnnn2CC1,1,DeePred,
954,C=CCC(N)c1ccccc1-c1noc2ccccc12,1,DeePred,
955,C1CC1,1,DeePred,
956,O=[N+]([O-])c1cc[nH]c1NCCSCc1ccccn1,1,DeePred,
957,CNCCc1ccccn1,1,DeePred,
958,NCCc1nc(-c2ccccc2)cs1,0,DeePred,
959,NC(=O)N1c2ccccc2C2OC2c2ccccc21,1,DeePred,
960,CC(C)c1nc(-c2ncn3c2CN(C)C(=O)c2c(Cl)cccc2-3)no1,1,DeePred,
961,Cc1ncc2n1-c1ccc(Cl)cc1C(c1ccccc1F)=NC2O,1,DeePred,
962,C=CCC1(CC=C)C(=O)NC(=O)NC1=O,1,DeePred,
963,CC(C)(C)OC(=O)c1ncn2c1[C@@H]1CCCN1C(=O)c1c(Br)cccc1-2,1,DeePred,
964,CC(C)CC(CN)CC(=O)O,1,MoleculeNet,
965,CN1CCC23CCCCC2C1Cc1ccc(O)cc13,1,MoleculeNet,
966,NC(Cc1ccc(O)c(O)c1)C(=O)O,1,MoleculeNet,
967,CN(C(=O)C(c1ccccc1)c1ccccc1)C(CN1CCC(O)C1)c1ccccc1,1,MoleculeNet,
968,CC(C)NCC(O)COc1cccc2ccccc12,1,MoleculeNet,
969,CC1(C)SC2C(NC(=O)C(C(=O)O)c3ccsc3)C(=O)N2C1C(=O)O,0,MoleculeNet,
970,O=[N+]([O-])c1c(Cc2ccccc2)c[nH]c1NCCSCc1ccccn1,1,MoleculeNet,
971,O=[N+]([O-])c1cc[nH]c1NCCSCc1ccccn1,1,MoleculeNet,
972,CC(C)(C)OC(=O)c1ncn2c1C1CCCN1C(=O)c1c(Br)cccc1-2,1,MoleculeNet,
973,CCC(=C(c1ccccc1)c1ccc(OCCN(C)C)cc1)c1ccccc1,1,MoleculeNet,
974,CCC(C)(C)O,1,MoleculeNet,
975,CCO,1,MoleculeNet,
976,CCC1(CC)C(=O)NC(=O)NC1=O,1,MoleculeNet,
977,CCC1(C2=CCCCC2)C(=O)NC(=O)NC1=O,1,MoleculeNet,
978,CCCC(CCC)C(=O)O,1,MoleculeNet,
979,ClCCl,1,MoleculeNet,
980,CC12C=CC(=O)C=C1CCC1C3CC(O)C(O)(C(=O)CO)C3(C)CC(O)C12F,0,MoleculeNet,
981,CC12C=CC(=O)C=C1CCC1C2C(O)CC2(C)C1CCC2(O)C(=O)CO,0,MoleculeNet,
982,CC12C=CC(=O)C=C1CCC1C2C(=O)CC2(C)C1CCC2(O)C(=O)CO,0,MoleculeNet,
983,CC12CCC(=O)C=C1CCC1C2CCC2(C)C(O)CCC12,0,MoleculeNet,
984,CC12CCC3c4ccc(O)cc4CCC3C1CCC2O,0,MoleculeNet,
985,CC12CCC(=O)C=C1CCC1C2C(=O)CC2(C)C1CCC2(O)C(=O)CO,0,MoleculeNet,
986,CC1COc2c(N3CCN(C)CC3)c(F)cc3c(=O)c(C(=O)O)cn1c23,1,MoleculeNet,
987,CN1C(=O)NC(=O)C(C)(C2=CCCCC2)C1=O,1,MoleculeNet,
988,C=CCC1(CC=C)C(=O)NC(=O)NC1=O,1,MoleculeNet,
989,CCC1(C)CC(=O)NC1=O,1,MoleculeNet,
990,O=C1NC(=O)C(c2ccccc2)(c2ccccc2)N1,1,MoleculeNet,
991,CC(C)Cc1ccc(C(C)C(=O)O)cc1,1,MoleculeNet,
992,CC(C)NCC(O)c1ccc(NS(C)(=O)=O)cc1,1,MoleculeNet,
993,C=CCC1(C(C)C#CCC)C(=O)NC(=O)N(C)C1=O,1,MoleculeNet,
994,COc1ccc(CCN(C)CCCC(C#N)(c2ccc(OC)c(OC)c2)C(C)C)cc1OC,1,MoleculeNet,
995,O=C(NC(CO)C(O)c1ccc([N+](=O)[O-])cc1)C(Cl)Cl,1,MoleculeNet,
996,CC(C)c1nc(-c2ncn3c2CN(C)C(=O)c2c(Cl)cccc2-3)no1,1,MoleculeNet,
997,Cn1c(=O)[nH]c2ncn(C)c2c1=O,1,MoleculeNet,
998,CCCC(C)C1(CC)C(=O)NC(=S)NC1=O,1,MoleculeNet,
999,CCCC(=O)Nc1ccc(OCC(O)CNC(C)C)c(C(C)=O)c1,1,MoleculeNet,
1000,CC(=O)Oc1ccccc1C(=O)O,1,MoleculeNet,
1001,OC(Cn1cncn1)(Cn1cncn1)c1ccc(F)cc1F,1,MoleculeNet,
1002,CCCC(C)C1(CC)C(=O)NC(=O)NC1=O,1,MoleculeNet,
1003,CCC1(CCC(C)C)C(=O)NC(=O)NC1=O,1,MoleculeNet,
1004,NNC(=O)c1ccncc1,0,MoleculeNet,
1005,CN1C2CCC1CC(OC(=O)C(CO)c1ccccc1)C2,1,MoleculeNet,
1006,Cc1nc2n(c(=O)c1CCN1CCC(c3noc4cc(F)ccc34)CC1)CCCC2,1,MoleculeNet,
1007,CCC1(c2ccccc2)C(=O)NC(=O)NC1=O,1,MoleculeNet,
1008,NCC1(CC(=O)O)CCCCC1,1,MoleculeNet,
1009,CC(=O)Nc1ccc(O)cc1,1,MoleculeNet,
1010,O=C(O)CCCc1ccc(N(CCCl)CCCl)cc1,0,MoleculeNet,
1011,CCCN(CCC)S(=O)(=O)c1ccc(C(=O)O)cc1,0,MoleculeNet,
1012,CN(C)c1ccc(O)c2c1CC1CC3C(N(C)C)C(O)=C(C(N)=O)C(=O)C3(O)C(O)=C1C2=O,1,MoleculeNet,
1013,Cc1c(O)cccc1C(=O)NC(CSc1ccccc1)C(O)CN1CC2CCCCC2CC1C(=O)NC(C)(C)C,0,MoleculeNet,
1014,CC(=O)C1CCC2C3CCC4=CC(=O)CCC4(C)C3CCC12C,0,MoleculeNet,
1015,CC(C)(C)NC(=O)C1CC2CCCCC2CN1CC(O)C(Cc1ccccc1)NC(=O)C(CC(N)=O)NC(=O)c1ccc2ccccc2n1,0,MoleculeNet,
1016,CCN1CCCC1CNC(=O)c1cc(S(N)(=O)=O)ccc1OC,1,MoleculeNet,
1017,NC(=O)OCC(COC(N)=O)c1ccccc1,1,MoleculeNet,
1018,Clc1ccc(COC(Cn2ccnc2)c2ccc(Cl)cc2Cl)c(Cl)c1,1,MoleculeNet,
1019,COc1cc(NCc2ccc3nc(N)nc(N)c3c2C)cc(OC)c1OC,0,MoleculeNet,
1020,COc1ccc2c(c1)c(CC(=O)O)c(C)n2C(=O)c1ccc(Cl)cc1,0,MoleculeNet,
1021,CCOC(=O)N1CCC(=C2c3ccc(Cl)cc3CCc3cccnc32)CC1,0,MoleculeNet,
1022,NC(=O)N1c2ccccc2C2OC2c2ccccc21,1,MoleculeNet,
1023,c1ccc2c(c1)Sc1ccccc1N2CC1CN2CCC1CC2,1,MoleculeNet,
1024,NC(=O)C1c2ccccc2C=Cc2ccccc21,1,MoleculeNet,
1025,O=C1CCC(N2C(=O)c3ccccc3C2=O)C(=O)N1,1,MoleculeNet,
1026,CN1C(=O)CCC1c1cccnc1,1,MoleculeNet,
1027,Nc1nc(=O)c2ncn(COCCO)c2[nH]1,1,MoleculeNet,
1028,CNC(=O)Oc1ccc2c(c1)C1(C)CCN(C)C1N2C,1,MoleculeNet,
1029,C=CC1CN2CCC1CC2C(O)c1ccnc2ccc(OC)cc12,1,MoleculeNet,
1030,COc1cccc2c1C(=O)c1c(O)c3c(c(O)c1C2=O)CC(O)(C(=O)CO)CC3OC1CC(N)C(O)C(C)O1,0,MoleculeNet,
1031,CC(C)NCC(O)COc1cccc2[nH]ccc12,1,MoleculeNet,
1032,Cn1cnc2c1c(=O)[nH]c(=O)n2C,1,MoleculeNet,
1033,Cc1nnc2n1-c1ccc(Cl)cc1C(c1ccccc1)=NC2,1,MoleculeNet,
1034,Nc1c2c(nc3ccccc13)CCCC2,1,MoleculeNet,
1035,CCC1(O)C(=O)OCc2c1cc1n(c2=O)Cc2cc3c(CN(C)C)c(O)ccc3nc2-1,1,MoleculeNet,
1036,CN1C(=O)CN=C(c2ccccc2F)c2cc([N+](=O)[O-])ccc21,1,MoleculeNet,
1037,NS(=O)(=O)c1cc2c(cc1Cl)NCNS2(=O)=O,0,MoleculeNet,
1038,Cn1c(=O)c2[nH]cnc2n(C)c1=O,1,MoleculeNet,
1039,Cn1c(=O)c2c(ncn2C)n(C)c1=O,1,MoleculeNet,
1040,CN(Cc1cnc2nc(N)nc(N)c2n1)c1ccc(C(=O)NC(CCC(=O)O)C(=O)O)cc1,0,MoleculeNet,
1041,CCN(CC)CCCC(C)Nc1ccnc2cc(Cl)ccc12,1,MoleculeNet,
1042,COc1cc2c(c(OC)c1OC)-c1ccc(OC)c(=O)cc1C(NC(C)=O)CC2,0,MoleculeNet,
1043,CN1CCC23c4c5ccc(O)c4OC2C(O)C=CC3C1C5,1,MoleculeNet,
1044,CC(C)(C)NC(=O)C1CN(Cc2cccnc2)CCN1CC(O)CC(Cc1ccccc1)C(=O)NC1c2ccccc2CC1O,1,MoleculeNet,
1045,CN1CCCCC1CCN1c2ccccc2Sc2ccc(S(C)=O)cc21,1,MoleculeNet,
1046,S=C(NC1CCCCC1)N1CCC(c2c[nH]cn2)CC1,1,MoleculeNet,
1047,CCCN(CCC)CCc1ccc(O)c2c1CC(=O)N2,1,MoleculeNet,
1048,NCCc1cn2ccccc2n1,0,MoleculeNet,
1049,CNCCc1ccccn1,1,MoleculeNet,
1050,CN1Cc2c(C(=O)OC(C)(C)C)ncn2-c2ccsc2C1=O,1,MoleculeNet,
1051,NCCc1nc(-c2ccccc2)cs1,0,MoleculeNet,
1052,C1CC1,1,MoleculeNet,
1053,C=CCC(N)c1ccccc1-c1noc2ccccc12,1,MoleculeNet,
1054,O=C(NCCCOc1cccc(CN2CCCCC2)c1)c1ccccc1,1,MoleculeNet,
1055,NC(N)=Nc1nc(-c2ccccc2)cs1,1,MoleculeNet,
1056,NC(N)=Nc1nc(-c2cccc(N)c2)cs1,0,MoleculeNet,
1057,COc1ccc(CCN2CCC(Nc3nc4ccccc4n3Cc3ccc(F)cc3)CC2)cc1,0,MoleculeNet,
1058,CC(=O)NCCCOc1cccc(CN2CCCCC2)c1,1,MoleculeNet,
1059,OCCCOc1cccc(CN2CCCCC2)c1,1,MoleculeNet,
1060,C1CCc2nnnn2CC1,1,MoleculeNet,
1061,CC(C)=O,1,MoleculeNet,
1062,CCC(C)=O,1,MoleculeNet,
1063,CC(=O)Nc1nnc(S(N)(=O)=O)s1,1,MoleculeNet,
1064,CC(C)(C(=O)O)c1ccc(C(O)CCCN2CCC(C(O)(c3ccccc3)c3ccccc3)CC2)cc1,0,MoleculeNet,
1065,CC(C)(C)c1ccc(C(O)CCCN2CCC(C(O)(c3ccccc3)c3ccccc3)CC2)cc1,0,MoleculeNet,
1066,CC(C)(C)NCC(O)COc1cccc2c1CC(O)C(O)C2,1,MoleculeNet,
1067,CC(C)(C)NCC(O)COc1cccc2c1CCC(=O)N2,0,MoleculeNet,
1068,CC(C)CO,1,MoleculeNet,
1069,CC(C)O,1,MoleculeNet,
1070,CCC1(O)CC2CN(CCc3c([nH]c4ccccc34)C(C(=O)OC)(c3cc4c(cc3OC)N(C)C3C(O)(C(=O)OC)C(OC(C)=O)C5(CC)C=CCN6CCC43C65)C2)C1,1,MoleculeNet,
1071,CCC(=C(CC)c1ccc(O)cc1)c1ccc(O)cc1,0,MoleculeNet,
1072,CC1(C)SC2C(NC(=O)C(C(=O)O)c3ccccc3)C(=O)N2C1C(=O)O,0,MoleculeNet,
1073,Cc1cn(C2C=CC(CO)O2)c(=O)[nH]c1=O,1,MoleculeNet,
1074,Cc1cn(C2CC(N=[N+]=[N-])C(CO)O2)c(=O)[nH]c1=O,0,MoleculeNet,
1075,Cc1ccc(Cl)c(Nc2ccccc2C(=O)O)c1Cl,0,MoleculeNet,
1076,Cc1cccc(Nc2ccccc2C(=O)O)c1C,0,MoleculeNet,
1077,Cc1ccnc2c1NC(=O)c1cccnc1N2C1CC1,1,MoleculeNet,
1078,Cc1csc(N=C(N)N)n1,1,MoleculeNet,
1079,Cc1ncc2n1-c1ccc(Cl)cc1C(c1ccccc1F)=NC2O,1,MoleculeNet,
1080,Cc1cc(=O)n(-c2ccccc2)n1C,1,MoleculeNet,
1081,CCC1(c2ccccc2)C(=O)NCNC1=O,1,MoleculeNet,
1082,CC=CCC(C)C(O)C1C(=O)NC(CC)C(=O)N(C)CC(=O)N(C)C(CC(C)C)C(=O)NC(C(C)C)C(=O)N(C)C(CC(C)C)C(=O)NC(C)C(=O)NC(C)C(=O)N(C)C(CC(C)C)C(=O)N(C)C(CC(C)C)C(=O)N(C)C(C(C)C)C(=O)N1C,0,MoleculeNet,
1083,CCCC(C)(COC(N)=O)COC(N)=O,1,MoleculeNet,
1084,CCCCC1C(=O)N(c2ccccc2)N(c2ccccc2)C1=O,1,MoleculeNet,
1085,CCCCNC(=O)NS(=O)(=O)c1ccc(C)cc1,0,MoleculeNet,
1086,CCCNC(=O)NS(=O)(=O)c1ccc(Cl)cc1,0,MoleculeNet,
1087,CCCO,1,MoleculeNet,
1088,CCN(CC)C(=O)Nc1ccc(OCC(O)CNC(C)(C)C)c(C(C)=O)c1,0,MoleculeNet,
1089,CCN(CC)CC(=O)Nc1c(C)cccc1C,1,MoleculeNet,
1090,CCN(CC)CCOC(=O)C1(C2CCCCC2)CCCCC1,0,MoleculeNet,
1091,CCN(CC)CCOC(=O)c1ccc(N)cc1,1,MoleculeNet,
1092,CCn1cc(C(=O)O)c(=O)c2cc(F)c(N3CCN(C)CC3)cc21,0,MoleculeNet,
1093,CCn1cc(C(=O)O)c(=O)c2ccc(C)nc21,0,MoleculeNet,
1094,CCOC(=O)C(C)(C)Oc1ccc(Cl)cc1,0,MoleculeNet,
1095,CCOC(=O)c1ncn2c1CN(C)C(=O)c1cc(F)ccc1-2,1,MoleculeNet,
1096,CCOc1ccc(NC(C)=O)cc1,0,MoleculeNet,
1097,CCOCC,1,MoleculeNet,
1098,O=S(=O)(c1ccc2cc[nH]c2c1)N1CCCC1CCN1CCC(Oc2cccc(Cl)c2)CC1,1,MoleculeNet,
1099,OCc1ncc2n1-c1ccc(Cl)cc1C(c1ccccc1F)=NC2,1,MoleculeNet,
1100,O=c1[nH]c2ccccc2n1CCCN1CCC(n2c(=O)[nH]c3cc(Cl)ccc32)CC1,1,MoleculeNet,
1101,CN(C)C(=O)C(CCN1CCC(O)(c2ccc(Cl)cc2)CC1)(c1ccccc1)c1ccccc1,1,MoleculeNet,
1102,O=c1n(CCCN2CCN(c3cccc(Cl)c3)CC2)nc2ccccn12,1,MoleculeNet,
1103,O=NN(CCCl)C(=O)NCCCl,1,MoleculeNet,
1104,Cc1ccc(-c2nc3ccc(C)cn3c2CC(=O)N(C)C)cc1,1,MoleculeNet,
1105,Cc1c(N(C)C)c(=O)n(-c2ccccc2)n1C,1,MoleculeNet,
1106,CN(C)CCc1c[nH]c2ccc(O)cc12,1,MoleculeNet,
1107,Cc1ccccc1C(OCCN(C)C)c1ccccc1,0,MoleculeNet,
1108,CN1C2CC(OC(=O)C(CO)c3ccccc3)CC1C1OC12,0,MoleculeNet,
1109,CN1C2CCC1CC(OC(=O)C(O)c1ccccc1)C2,0,MoleculeNet,
1110,CSc1ccc2c(c1)N(CCC1CCCCN1C)c1ccccc1S2,1,MoleculeNet,
1111,COc1ccc(Cc2nccc3cc(OC)c(OC)cc23)cc1OC,0,MoleculeNet,
1112,COc1ccc(Cl)cc1C(=O)NCCc1ccc(S(=O)(=O)NC(=O)NC2CCCCC2)cc1,0,MoleculeNet,
1113,COc1ccc(CN(CCN(C)C)c2ccccn2)cc1,1,MoleculeNet,
1114,COc1ccc2nc(S(=O)Cc3ncc(C)c(OC)c3C)[nH]c2c1,0,MoleculeNet,
1115,O=C(O)CNC(=O)c1ccccc1O,1,MoleculeNet,
1116,NS(=O)(=O)c1cc2c(cc1C(F)(F)F)NCNS2(=O)=O,0,MoleculeNet,
1117,Nc1ccn(C2CCC(CO)O2)c(=O)n1,1,MoleculeNet,
1118,NC(=O)N1c2ccccc2C=Cc2ccccc21,1,MoleculeNet,
1119,NC(=O)c1ncn(C2OC(CO)C(O)C2O)n1,0,MoleculeNet,
1120,NC(N)=O,1,MoleculeNet,
1121,Nc1ccc(S(=O)(=O)c2ccc(N)cc2)cc1,0,MoleculeNet,
1122,NCCC(O)C(=O)NC1CC(N)C(OC2OC(CN)C(O)C(O)C2O)C(O)C1OC1OC(CO)C(O)C(N)C1O,1,MoleculeNet,
1123,NNc1nncc2ccccc12,0,MoleculeNet,
1124,O=c1ccc2ccccc2o1,0,MoleculeNet,
1125,O=C(O)CCc1nc(-c2ccccc2)c(-c2ccccc2)o1,0,MoleculeNet,
1126,OCCN(CCO)c1nc(N2CCCCC2)c2nc(N(CCO)CCO)nc(N3CCCCC3)c2n1,0,MoleculeNet,
1127,O=C(O)c1cc(N=Nc2ccc(S(=O)(=O)Nc3ccccn3)cc2)ccc1O,0,B3DB,-2.69
1128,O=C1CN(/N=C/c2ccc([N+](=O)[O-])o2)C(=O)N1,0,B3DB,-2.09
1129,O=C(O)CCCc1ccc(N(CCCl)CCCl)cc1,0,B3DB,-1.7
1130,CN(Cc1cnc2nc(N)nc(N)c2n1)c1ccc(C(=O)NC(CCC(=O)O)C(=O)O)cc1,0,B3DB,-1.52
1131,Cc1ccc(NC(=O)c2ccc(CN3CCN(C)CC3)cc2)cc1Nc1nccc(-c2cccnc2)n1,0,B3DB,-1.5
1132,COc1ccc2c(c1)c(CC(=O)O)c(C)n2C(=O)c1ccc(Cl)cc1,0,B3DB,-1.3
1133,CN(C)CCc1c[nH]c2ccc(O)cc12,0,B3DB,-1.19
1134,NC(N)=Nc1nc(-c2cccc(N)c2)cs1,0,B3DB,-1.15
1135,CCN1CCCC1CNC(=O)c1cc(S(N)(=O)=O)ccc1OC,0,B3DB,-1.11
1136,CC[C@]1(O)C[C@H]2CN(CCc3c([nH]c4ccccc34)[C@@](C(=O)OC)(c3cc4c(cc3OC)N(C=O)[C@H]3[C@@](O)(C(=O)OC)[C@H](OC(C)=O)[C@]5(CC)C=CCN6CC[C@]43[C@@H]65)C2)C1,0,B3DB,-1.03
1137,CCN(CC)CC(=O)Nc1c(C)cccc1C,1,B3DB,0.34
1138,C[C@@H]1CN(c2c(F)c(N)c3c(=O)c(C(=O)O)cn(C4CC4)c3c2F)C[C@H](C)N1,1,B3DB,0.41
1139,COc1ccc(CN(CCN(C)C)c2ccccn2)cc1,1,B3DB,0.5
1140,CC/C(=C(/c1ccccc1)c1ccc(OCCN(C)C)cc1)c1ccccc1,1,B3DB,0.92
1141,CCC(=C(c1ccccc1)c1ccc(OCCN(C)C)cc1)c1ccccc1,1,B3DB,0.92
1142,COc1ccc(CCN2CCC(Nc3nc4ccccc4n3Cc3ccc(F)cc3)CC2)cc1,1,B3DB,1.1
1143,NCCc1nc(-c2ccccc2)cs1,0,B3DB,-1.3
1144,Nc1ccn(C2CCC(CO)O2)c(=O)n1,0,B3DB,-1.2
1145,Nc1ccn([C@H]2CC[C@@H](CO)O2)c(=O)n1,0,B3DB,-1.2
1146,CC(C)(C)NC(=O)C1CC2CCCCC2CN1CC(O)C(Cc1ccccc1)NC(=O)C(CC(N)=O)NC(=O)c1ccc2ccccc2n1,0,B3DB,-1.03
1147,CC(C)NCC(O)COc1cccc2ccccc12,1,B3DB,0.64
1148,CN(C)C(=O)C(CCN1CCC(O)(c2ccc(Cl)cc2)CC1)(c1ccccc1)c1ccccc1,1,B3DB,0.77
