index	SMILES
CC(=O)O[C@@H](CC(=O)[O-])C[N+](C)(C)C	CC(=O)O[C@@H](CC(=O)[O-])C[N+](C)(C)C
COc1ccc2[nH]cc(CCNC(C)=O)c2c1	COc1ccc2[nH]cc(CCNC(C)=O)c2c1
CC(=O)N[C@@H](CC(C)C)C(=O)O	CC(=O)N[C@@H](CC(C)C)C(=O)O
N[C@]12C[C@H]3C[C@H](C[C@H](C3)C1)C2	N[C@]12C[C@H]3C[C@H](C[C@H](C3)C1)C2
CCN1CCC[C@@H]1CNC(=O)c1cc(S(=O)(=O)CC)c(N)cc1OC	CCN1CCC[C@@H]1CNC(=O)c1cc(S(=O)(=O)CC)c(N)cc1OC
O[C@](CCN1CCCCC1)(c1ccccc1)[C@@H]1C[C@@H]2C=C[C@H]1C2	O[C@](CCN1CCCCC1)(c1ccccc1)[C@@H]1C[C@@H]2C=C[C@H]1C2
CCCCN1CCCC[C@H]1C(=O)Nc1c(C)cccc1C	CCCCN1CCCC[C@H]1C(=O)Nc1c(C)cccc1C
C[C@@H]1O[C@]2(CS1)CN1CCC2CC1	C[C@@H]1O[C@]2(CS1)CN1CCC2CC1
C/N=C1/CN(O)C(c2ccccc2)=c2cc(Cl)ccc2=N1	C/N=C1/CN(O)C(c2ccccc2)=c2cc(Cl)ccc2=N1
O=C1CN2CCO[C@]2(c2ccccc2Cl)c2cc(Cl)ccc2N1	O=C1CN2CCO[C@]2(c2ccccc2Cl)c2cc(Cl)ccc2N1
C[C@H](CN1c2ccccc2Sc2ccc(S(=O)(=O)N(C)C)cc21)N(C)C	C[C@H](CN1c2ccccc2Sc2ccc(S(=O)(=O)N(C)C)cc21)N(C)C
CCN[C@H](C)Cc1cccc(C(F)(F)F)c1	CCN[C@H](C)Cc1cccc(C(F)(F)F)c1
O=C(OC[C@H](O)CO)c1ccccc1Nc1ccnc2c(C(F)(F)F)cccc12	O=C(OC[C@H](O)CO)c1ccccc1Nc1ccnc2c(C(F)(F)F)cccc12
O=C(OC[C@H](O)CO)c1ccccc1Nc1ccnc2cc(Cl)ccc12	O=C(OC[C@H](O)CO)c1ccccc1Nc1ccnc2cc(Cl)ccc12
CN1[C@@H]2CCC(C)(C)[C@H]1C[C@H](OC(=O)C(O)(c1cccs1)c1cccs1)C2	CN1[C@@H]2CCC(C)(C)[C@H]1C[C@H](OC(=O)C(O)(c1cccs1)c1cccs1)C2
C[C@]12C[C@@H]3C[C@](C)(C1)C[C@@](N)(C3)C2	C[C@]12C[C@@H]3C[C@](C)(C1)C[C@@](N)(C3)C2
Cc1cccc(C)c1NC(=O)[C@H]1CCCCN1C	Cc1cccc(C)c1NC(=O)[C@H]1CCCCN1C
CCC(=O)C(C[C@@H](C)N(C)C)(c1ccccc1)c1ccccc1	CCC(=O)C(C[C@@H](C)N(C)C)(c1ccccc1)c1ccccc1
CN1CCC[C@H](CC2c3ccccc3Sc3ccccc32)C1	CN1CCC[C@H](CC2c3ccccc3Sc3ccccc32)C1
NC(=O)C[S@](=O)C(c1ccccc1)c1ccccc1	NC(=O)C[S@](=O)C(c1ccccc1)c1ccccc1
O=C1N[C@H]2CCCCN2C12CCN(CCCN1c3ccccc3CCc3ccc(Cl)cc31)CC2	O=C1N[C@H]2CCCCN2C12CCN(CCCN1c3ccccc3CCc3ccc(Cl)cc31)CC2
Cc1c(NC(=O)c2cccnc2)c(=O)n(-c2ccccc2)n1C	Cc1c(NC(=O)c2cccnc2)c(=O)n(-c2ccccc2)n1C
CCOc1ccc(NC(C)=O)cc1	CCOc1ccc(NC(C)=O)cc1
CCCN[C@H](C)C(=O)Nc1ccccc1C	CCCN[C@H](C)C(=O)Nc1ccccc1C
CCCn1cnc2c1c(=O)n(CCCCC(C)=O)c(=O)n2C	CCCn1cnc2c1c(=O)n(CCCCC(C)=O)c(=O)n2C
CN1[C@@H]2C[C@H](OC(=O)[C@@H](CO)c3ccccc3)C[C@H]1[C@@H]1O[C@@H]12	CN1[C@@H]2C[C@H](OC(=O)[C@@H](CO)c3ccccc3)C[C@H]1[C@@H]1O[C@@H]12
CCCCNc1ccc(C(=O)OCCN(C)C)cc1	CCCCNc1ccc(C(=O)OCCN(C)C)cc1
O[C@@](CCN1CCCCC1)(c1ccccc1)C1CCCCC1	O[C@@](CCN1CCCCC1)(c1ccccc1)C1CCCCC1
CC[C@@H]1C(=O)OC[C@@H]1Cc1cncn1C	CC[C@@H]1C(=O)OC[C@@H]1Cc1cncn1C
Nc1ccncc1N	Nc1ccncc1N
CC[C@@H](C)C(C)(COC(N)=O)COC(N)=O	CC[C@@H](C)C(C)(COC(N)=O)COC(N)=O
CC[C@H](N)C(=O)O	CC[C@H](N)C(=O)O
CC[C@]1(C)OC(=O)N(C)C1=O	CC[C@]1(C)OC(=O)N(C)C1=O
CCN(CC)CCOC(=O)c1ccc(N)cc1Cl	CCN(CC)CCOC(=O)c1ccc(N)cc1Cl
C=CC[C@@]1([C@@H](C)C#CCC)C(=O)NC(=O)N(C)C1=O	C=CC[C@@]1([C@@H](C)C#CCC)C(=O)NC(=O)N(C)C1=O
CC[C@@H](CO)NC(=O)[C@@H]1C=C2c3cccc4c3c(cn4C)C[C@H]2N(C)C1	CC[C@@H](CO)NC(=O)[C@@H]1C=C2c3cccc4c3c(cn4C)C[C@H]2N(C)C1
O=c1cccc2n1C[C@@H]1CNC[C@H]2C1	O=c1cccc2n1C[C@@H]1CNC[C@H]2C1
CCCCSc1ccc([C@H](SCCN(C)C)c2ccccc2)cc1	CCCCSc1ccc([C@H](SCCN(C)C)c2ccccc2)cc1
CCN1C(=O)OC(C)(C)C1=O	CCN1C(=O)OC(C)(C)C1=O
C=CC[C@H](C(=O)NC(N)=O)C(C)C	C=CC[C@H](C(=O)NC(N)=O)C(C)C
CC(C)CNCCOC(=O)c1cccc(N)c1	CC(C)CNCCOC(=O)c1cccc(N)c1
CCOC(=O)C1(c2ccccc2)CCN(CC[C@H](O)c2ccccc2)CC1	CCOC(=O)C1(c2ccccc2)CCN(CC[C@H](O)c2ccccc2)CC1
C[N+](C)(C)CCO[P@](=O)([O-])O[P@@](=O)(O)OC[C@H]1O[C@@H](n2ccc(N)nc2=O)[C@H](O)[C@@H]1O	C[N+](C)(C)CCO[P@](=O)([O-])O[P@@](=O)(O)OC[C@H]1O[C@@H](n2ccc(N)nc2=O)[C@H](O)[C@@H]1O
C[N+](C)(C)CCO[P@@](=O)(O)O[P@@](=O)(O)OC[C@H]1O[C@@H](n2ccc(N)nc2=O)[C@H](O)[C@@H]1O	C[N+](C)(C)CCO[P@@](=O)(O)O[P@@](=O)(O)OC[C@H]1O[C@@H](n2ccc(N)nc2=O)[C@H](O)[C@@H]1O
NC[C@H](CC(=O)O)c1ccccc1	NC[C@H](CC(=O)O)c1ccccc1
CCOc1ccc(NC(=O)C[C@@H](C)O)cc1	CCOc1ccc(NC(=O)C[C@@H](C)O)cc1
CCN[C@H]1[C@H]2CC[C@H](C2)[C@@H]1c1ccccc1	CCN[C@H]1[C@H]2CC[C@H](C2)[C@@H]1c1ccccc1
C[C@@H]1[C@@H]2Cc3ccc(O)cc3[C@@]1(C)CCN2CCc1ccccc1	C[C@@H]1[C@@H]2Cc3ccc(O)cc3[C@@]1(C)CCN2CCc1ccccc1
C[C@H](CN1CCN(CCOCCO)CC1)CN1c2ccccc2Sc2ccccc21	C[C@H](CN1CCN(CCOCCO)CC1)CN1c2ccccc2Sc2ccccc21
C=CCC1(C[C@@H](C)O)C(=O)NC(=O)NC1=O	C=CCC1(C[C@@H](C)O)C(=O)NC(=O)NC1=O
C=C(Br)C[C@]1(C(C)C)C(=O)NC(=O)N(C)C1=O	C=C(Br)C[C@]1(C(C)C)C(=O)NC(=O)N(C)C1=O
CCC1(C2=C[C@@H]3CC[C@H](C2)C3)C(=O)NC(=O)NC1=O	CCC1(C2=C[C@@H]3CC[C@H](C2)C3)C(=O)NC(=O)NC1=O
C[C@H](Cc1ccccc1)NCCn1cnc2c1c(=O)n(C)c(=O)n2C	C[C@H](Cc1ccccc1)NCCn1cnc2c1c(=O)n(C)c(=O)n2C
CC[C@@H](C)[C@@H](CC)C(N)=O	CC[C@@H](C)[C@@H](CC)C(N)=O
C[C@H](CC1c2ccccc2CCc2ccccc21)CN(C)C	C[C@H](CC1c2ccccc2CCc2ccccc21)CN(C)C
CCCCNCC(=O)Nc1c(C)cccc1Cl	CCCCNCC(=O)Nc1c(C)cccc1Cl
COC(=O)[C@@H](N)Cc1ccc(O)c(O)c1	COC(=O)[C@@H](N)Cc1ccc(O)c(O)c1
N[C@H]1C[C@@H]1c1ccccc1	N[C@H]1C[C@@H]1c1ccccc1
CCN(CC)CCCOC(=O)[C@@]1(c2ccccc2)C[C@@H]2CC[C@H]1C2	CCN(CC)CCCOC(=O)[C@@]1(c2ccccc2)C[C@@H]2CC[C@H]1C2
C[C@@H](Oc1c(Cl)cccc1Cl)C1=NCCN1	C[C@@H](Oc1c(Cl)cccc1Cl)C1=NCCN1
O=C1CC[C@@](c2ccccc2)(C2CCN(Cc3ccccc3)CC2)C(=O)N1	O=C1CC[C@@](c2ccccc2)(C2CCN(Cc3ccccc3)CC2)C(=O)N1
C[C@H]1O[C@@H](C)O[C@@H](C)O1	C[C@H]1O[C@@H](C)O[C@@H](C)O1
CCCN[C@@H](C)C(=O)Nc1c(C)csc1C(=O)OC	CCCN[C@@H](C)C(=O)Nc1c(C)csc1C(=O)OC
CN(C)CCC=C1c2ccccc2OCc2c1oc1ccccc21	CN(C)CCC=C1c2ccccc2OCc2c1oc1ccccc21
CCCN(CC)[C@@H](CC)C(=O)Nc1c(C)cccc1C	CCCN(CC)[C@@H](CC)C(=O)Nc1c(C)cccc1C
O=C1[C@@H](O)N=C(c2ccccc2F)c2cc(Cl)ccc2N1CCO	O=C1[C@@H](O)N=C(c2ccccc2F)c2cc(Cl)ccc2N1CCO
NC(=O)CCC/N=C(\c1ccc(Cl)cc1)c1cc(F)ccc1O	NC(=O)CCC/N=C(\c1ccc(Cl)cc1)c1cc(F)ccc1O
C=CCC1(CC)C(=O)NC(=O)NC1=O	C=CCC1(CC)C(=O)NC(=O)NC1=O
CCCN(CCc1cccs1)[C@H]1CCc2c(O)cccc2C1	CCCN(CCc1cccs1)[C@H]1CCc2c(O)cccc2C1
CCC(=O)n1c(=O)n(C2CCN(CCC(C#N)(c3ccccc3)c3ccccc3)CC2)c2ccccc21	CCC(=O)n1c(=O)n(C2CCN(CCC(C#N)(c3ccccc3)c3ccccc3)CC2)c2ccccc21
CC(C)N1C[C@@H](O)c2cc(/N=N/C(N)=O)c(O)cc21	CC(C)N1C[C@@H](O)c2cc(/N=N/C(N)=O)c(O)cc21
CC[C@@H](C)N(C[C@H](O)c1cccn1Cc1ccccc1Cl)[C@H](C)CC	CC[C@@H](C)N(C[C@H](O)c1cccn1Cc1ccccc1Cl)[C@H](C)CC
CCN(CC)CCCN1c2ccccc2Sc2ccc(Cl)cc21	CCN(CC)CCCN1c2ccccc2Sc2ccc(Cl)cc21
CC(=O)Oc1cccc(C(=O)O)c1OC(C)=O	CC(=O)Oc1cccc(C(=O)O)c1OC(C)=O
COc1ccccc1OC(=O)c1ccccc1OC(C)=O	COc1ccccc1OC(=O)c1ccccc1OC(C)=O
C[C@H](CCN1CCN(c2ccc(F)cc2)CC1)NC(=O)c1cccnc1	C[C@H](CCN1CCN(c2ccc(F)cc2)CC1)NC(=O)c1cccnc1
CCOC(=O)c1c[n+](C)c2n(c1=O)[C@@H](C)CCC2	CCOC(=O)c1c[n+](C)c2n(c1=O)[C@@H](C)CCC2
CN[C@@H]1CCc2[nH]c3ccc(C(N)=O)cc3c2C1	CN[C@@H]1CCc2[nH]c3ccc(C(N)=O)cc3c2C1
COc1ccc2cccc(CCNC(C)=O)c2c1	COc1ccc2cccc(CCNC(C)=O)c2c1
C[C@@H]1O[C@@]2(CS1)CN1CCC2CC1	C[C@@H]1O[C@@]2(CS1)CN1CCC2CC1
c1ccc2c(c1)CCc1ccccc1N2[C@H]1CN2CCC1CC2	c1ccc2c(c1)CCc1ccccc1N2[C@H]1CN2CCC1CC2
C[C@@H]1C[C@H]2[C@@H]3CCC4=CC(=O)C=C[C@]4(C)C3=CC[C@]2(C)[C@H]1C(=O)CN1CCN(c2cc(N3CCCC3)nc(N3CCCC3)n2)CC1	C[C@@H]1C[C@H]2[C@@H]3CCC4=CC(=O)C=C[C@]4(C)C3=CC[C@]2(C)[C@H]1C(=O)CN1CCN(c2cc(N3CCCC3)nc(N3CCCC3)n2)CC1
CN1C(=O)N(C)[C@H]2[C@@H]1N(C)C(=O)N2C	CN1C(=O)N(C)[C@H]2[C@@H]1N(C)C(=O)N2C
CN(C)C[C@@H](c1ccc(O)cc1)C1(O)CCCCC1	CN(C)C[C@@H](c1ccc(O)cc1)C1(O)CCCCC1
C[C@H](NCc1ccc(OCc2cccc(F)c2)cc1)C(N)=O	C[C@H](NCc1ccc(OCc2cccc(F)c2)cc1)C(N)=O
CN1[C@@H]2C[C@H](OC(=O)[C@H](CO)c3ccccc3)C[C@H]1[C@@H]1O[C@@H]12	CN1[C@@H]2C[C@H](OC(=O)[C@H](CO)c3ccccc3)C[C@H]1[C@@H]1O[C@@H]12
c1cnc2cc3c(cc2n1)[C@@H]1CNC[C@H]3C1	c1cnc2cc3c(cc2n1)[C@@H]1CNC[C@H]3C1
CCCN1CCCC[C@H]1C(=O)Nc1c(C)cccc1C	CCCN1CCCC[C@H]1C(=O)Nc1c(C)cccc1C
CN1[C@@H]2CC[C@H]1CC(=C1c3ccccc3CSc3ccccc31)C2	CN1[C@@H]2CC[C@H]1CC(=C1c3ccccc3CSc3ccccc31)C2
O=C1[C@@H]2[C@H]3CC[C@H](C3)[C@@H]2C(=O)N1C[C@@H]1CCCC[C@H]1CN1CCN(c2nsc3ccccc23)CC1	O=C1[C@@H]2[C@H]3CC[C@H](C3)[C@@H]2C(=O)N1C[C@@H]1CCCC[C@H]1CN1CCN(c2nsc3ccccc23)CC1
COC[C@@H](NC(C)=O)C(=O)NCc1ccccc1	COC[C@@H](NC(C)=O)C(=O)NCc1ccccc1
C[C@H]1[C@H]2Cc3ccc(O)cc3[C@]1(C)CCN2CCc1ccccc1	C[C@H]1[C@H]2Cc3ccc(O)cc3[C@]1(C)CCN2CCc1ccccc1
COC(=O)[C@H]1[C@@H](OC(=O)c2ccccc2)C[C@@H]2CC[C@H]1N2C	COC(=O)[C@H]1[C@@H](OC(=O)c2ccccc2)C[C@@H]2CC[C@H]1N2C
Nc1c2c(nc3c1CCC3)CCCC2	Nc1c2c(nc3c1CCC3)CCCC2
CN1[C@@H]2C[C@H](OC(=O)[C@@H](CO)c3ccccc3)C[C@H]1[C@H]1O[C@H]12	CN1[C@@H]2C[C@H](OC(=O)[C@@H](CO)c3ccccc3)C[C@H]1[C@H]1O[C@H]12
C=C(C)[C@@H]1CCC(C)=C[C@H]1c1c(O)cc(CCCCC)cc1O	C=C(C)[C@@H]1CCC(C)=C[C@H]1c1c(O)cc(CCCCC)cc1O
C[N+](C)(C)CCO[P@](=O)([O-])OC[C@H](O)CO	C[N+](C)(C)CCO[P@](=O)([O-])OC[C@H](O)CO
O=c1cccc2n1C[C@H]1CNC[C@@H]2C1	O=c1cccc2n1C[C@H]1CNC[C@@H]2C1
CN1[C@@H]2CC[C@H]1C[C@H](OC(c1ccccc1)c1ccccc1)C2	CN1[C@@H]2CC[C@H]1C[C@H](OC(c1ccccc1)c1ccccc1)C2
O=C(C[S@@](=O)C(c1ccccc1)c1ccccc1)NO	O=C(C[S@@](=O)C(c1ccccc1)c1ccccc1)NO
CN1C[C@H]2c3ccccc3Oc3ccc(Cl)cc3[C@@H]2C1	CN1C[C@H]2c3ccccc3Oc3ccc(Cl)cc3[C@@H]2C1
N[C@@H](CCCN1C(=O)NC(c2ccccc2)(c2ccccc2)C1=O)C(=O)O	N[C@@H](CCCN1C(=O)NC(c2ccccc2)(c2ccccc2)C1=O)C(=O)O
CCn1c(=O)c2c(nc(/C=C/c3ccc(OC)c(OC)c3)n2C)n(CC)c1=O	CCn1c(=O)c2c(nc(/C=C/c3ccc(OC)c(OC)c3)n2C)n(CC)c1=O
Cc1cccc([C@H](C)c2cnc[nH]2)c1C	Cc1cccc([C@H](C)c2cnc[nH]2)c1C
CC(C)(C)[C@H](O)/C=C/c1ccc2c(c1)OCO2	CC(C)(C)[C@H](O)/C=C/c1ccc2c(c1)OCO2
CN(C)CC/C=C1\c2ccccc2OCc2c1oc1ccccc21	CN(C)CC/C=C1\c2ccccc2OCc2c1oc1ccccc21
CN(C)CC/C=C1/c2ccccc2OCc2c1oc1ccccc21	CN(C)CC/C=C1/c2ccccc2OCc2c1oc1ccccc21
NC(=O)OC[C@@H](O)c1ccccc1Cl	NC(=O)OC[C@@H](O)c1ccccc1Cl
CC(=O)O[C@H](CC(=O)[O-])C[N+](C)(C)C	CC(=O)O[C@H](CC(=O)[O-])C[N+](C)(C)C
CCC[C@@H]1CC(=O)N([C@@H](CC)C(N)=O)C1	CCC[C@@H]1CC(=O)N([C@@H](CC)C(N)=O)C1
CC[C@@H](c1cccc(O)c1)[C@@H](C)CN(C)C	CC[C@@H](c1cccc(O)c1)[C@@H](C)CN(C)C
CCOc1ccc2nc(SCCN3CCOCC3)[nH]c2c1	CCOc1ccc2nc(SCCN3CCOCC3)[nH]c2c1
COC(=O)CC[C@@H]1N=C(c2ccccn2)c2cc(Br)ccc2-n2c(C)cnc21	COC(=O)CC[C@@H]1N=C(c2ccccn2)c2cc(Br)ccc2-n2c(C)cnc21
NC(=O)N1c2ccccc2C[C@H](O)c2ccccc21	NC(=O)N1c2ccccc2C[C@H](O)c2ccccc21
CN1[C@@H]2C[C@H](OC(=O)[C@H](CO)c3ccccc3)C[C@H]1[C@H]1O[C@H]12	CN1[C@@H]2C[C@H](OC(=O)[C@H](CO)c3ccccc3)C[C@H]1[C@H]1O[C@H]12
N#Cc1ccccc1-c1cc(-c2ccccn2)cn(-c2ccccc2)c1=O	N#Cc1ccccc1-c1cc(-c2ccccn2)cn(-c2ccccc2)c1=O
Clc1ccc(CCCOCCCN2CCCCC2)cc1	Clc1ccc(CCCOCCCN2CCCCC2)cc1
Cc1ccc(Sc2ccccc2N2CCNCC2)c(C)c1	Cc1ccc(Sc2ccccc2N2CCNCC2)c(C)c1
CC(C)COc1ccc(CNC(=O)N(Cc2ccc(F)cc2)C2CCN(C)CC2)cc1	CC(C)COc1ccc(CNC(=O)N(Cc2ccc(F)cc2)C2CCN(C)CC2)cc1
NC(=O)OC[C@H](N)Cc1ccccc1	NC(=O)OC[C@H](N)Cc1ccccc1
CCC(=O)NC[C@@H]1C[C@H]1c1cccc2c1CCO2	CCC(=O)NC[C@@H]1C[C@H]1c1cccc2c1CCO2
CN(C)C(=O)N[C@H]1CC[C@@H](CCN2CCN(c3cccc(Cl)c3Cl)CC2)CC1	CN(C)C(=O)N[C@H]1CC[C@@H](CCN2CCN(c3cccc(Cl)c3Cl)CC2)CC1
C[C@@H](Cc1ccccc1)NC(=O)[C@@H](N)CCCCN	C[C@@H](Cc1ccccc1)NC(=O)[C@@H](N)CCCCN
NC(=O)O[C@@H](Cn1ncnn1)c1ccccc1Cl	NC(=O)O[C@@H](Cn1ncnn1)c1ccccc1Cl
O=c1ccc2ccc(OCCCCN3CCN(c4cccc5sccc45)CC3)cc2[nH]1	O=c1ccc2ccc(OCCCCN3CCN(c4cccc5sccc45)CC3)cc2[nH]1
CCOC(=O)[C@@]1(c2ccccc2)CCC=C[C@@H]1N(C)C	CCOC(=O)[C@@]1(c2ccccc2)CCC=C[C@@H]1N(C)C
C[C@H]1O[C@]2(CS1)CN1CCC2CC1	C[C@H]1O[C@]2(CS1)CN1CCC2CC1
CCN1[C@@H]2CC[C@H]1C[C@H](OC(c1ccccc1)c1ccccc1)C2	CCN1[C@@H]2CC[C@H]1C[C@H](OC(c1ccccc1)c1ccccc1)C2
CC(=O)[C@@]1(O)CC[C@H]2[C@@H]3C[C@H](C(F)(F)F)C4=CC(=O)CC[C@]4(C)[C@H]3CC[C@@]21C	CC(=O)[C@@]1(O)CC[C@H]2[C@@H]3C[C@H](C(F)(F)F)C4=CC(=O)CC[C@]4(C)[C@H]3CC[C@@]21C
COc1cc2c(cc1OC)[C@H]1C[C@@H](OC(=O)[C@@H](N)C(C)C)[C@H](CC(C)C)CN1CC2	COc1cc2c(cc1OC)[C@H]1C[C@@H](OC(=O)[C@@H](N)C(C)C)[C@H](CC(C)C)CN1CC2
Cc1ccc(-n2nccn2)c(C(=O)N2CCN(c3nc4cc(Cl)ccc4o3)CC[C@H]2C)c1	Cc1ccc(-n2nccn2)c(C(=O)N2CCN(c3nc4cc(Cl)ccc4o3)CC[C@H]2C)c1
C[N+](C)(C)CCO[P+]([O-])([O-])O[P+]([O-])([O-])OC[C@H]1O[C@@H](n2ccc(N)nc2=O)[C@H](O)[C@@H]1O	C[N+](C)(C)CCO[P+]([O-])([O-])O[P+]([O-])([O-])OC[C@H]1O[C@@H](n2ccc(N)nc2=O)[C@H](O)[C@@H]1O
CCN(C(=O)c1c(O)c2c(Cl)cccc2n(C)c1=O)c1ccccc1	CCN(C(=O)c1c(O)c2c(Cl)cccc2n(C)c1=O)c1ccccc1
CCC1=C[C@@H]2[C@H](C1)C[C@]2(CN)CC(=O)O	CCC1=C[C@@H]2[C@H](C1)C[C@]2(CN)CC(=O)O
CN1[C@H]2CCC(C)(C)[C@@H]1C[C@@H](OC(=O)C(O)(c1cccs1)c1cccs1)C2	CN1[C@H]2CCC(C)(C)[C@@H]1C[C@@H](OC(=O)C(O)(c1cccs1)c1cccs1)C2
CN1[C@@H]2CCC(C)(C)[C@@H]1C[C@H](OC(=O)C(O)(c1cccs1)c1cccs1)C2	CN1[C@@H]2CCC(C)(C)[C@@H]1C[C@H](OC(=O)C(O)(c1cccs1)c1cccs1)C2
CC/N=C1\Nc2ccc(Cl)cc2[C@@](C)(c2ccccc2)O1	CC/N=C1\Nc2ccc(Cl)cc2[C@@](C)(c2ccccc2)O1
Cc1c(Cl)c(C)[n+]([O-])c(Cl)c1-c1noc(-c2cc(O)c(O)c([N+](=O)[O-])c2)n1	Cc1c(Cl)c(C)[n+]([O-])c(Cl)c1-c1noc(-c2cc(O)c(O)c([N+](=O)[O-])c2)n1
COc1ccc(CN(CCN(C)C)c2ccccn2)cc1	COc1ccc(CN(CCN(C)C)c2ccccn2)cc1
CN(C)CCO[C@@H](c1ccc(Cl)cc1)c1ccccn1	CN(C)CCO[C@@H](c1ccc(Cl)cc1)c1ccccn1
CN(C)CC[C@@H](c1ccccc1)c1ccccn1	CN(C)CC[C@@H](c1ccccc1)c1ccccn1
CN1CCN(C(c2ccccc2)c2ccccc2)CC1	CN1CCN(C(c2ccccc2)c2ccccc2)CC1
Cc1cccc(CN2CCN([C@H](c3ccccc3)c3ccc(Cl)cc3)CC2)c1	Cc1cccc(CN2CCN([C@H](c3ccccc3)c3ccc(Cl)cc3)CC2)c1
CN(C)CC[C@@H](c1ccc(Br)cc1)c1ccccn1	CN(C)CC[C@@H](c1ccc(Br)cc1)c1ccccn1
CN(C)CCN(Cc1ccc(Cl)cc1)c1ccccn1	CN(C)CCN(Cc1ccc(Cl)cc1)c1ccccn1
CN(C)CCO[C@](C)(c1ccccc1)c1ccccn1	CN(C)CCO[C@](C)(c1ccccc1)c1ccccn1
CN(C)CCN(Cc1ccccc1)c1ccccn1	CN(C)CCN(Cc1ccccc1)c1ccccn1
C[C@H](C1=C(CCN(C)C)Cc2ccccc21)c1ccccn1	C[C@H](C1=C(CCN(C)C)Cc2ccccc21)c1ccccn1
c1ccc(CN(CC2=NCCN2)c2ccccc2)cc1	c1ccc(CN(CC2=NCCN2)c2ccccc2)cc1
CN(C)CC[C@@H](c1ccc(Cl)cc1)c1ccccn1	CN(C)CC[C@@H](c1ccc(Cl)cc1)c1ccccn1
CN1CCC[C@@H]1CCO[C@](C)(c1ccccc1)c1ccc(Cl)cc1	CN1CCC[C@@H]1CCO[C@](C)(c1ccccc1)c1ccc(Cl)cc1
Cc1ccccc1[C@@H](OCCN(C)C)c1ccccc1	Cc1ccccc1[C@@H](OCCN(C)C)c1ccccc1
CN(C)CCO[C@H](c1ccccc1)c1ccc(Br)cc1	CN(C)CCO[C@H](c1ccccc1)c1ccc(Br)cc1
Cc1ccc(/C(=C\CN2CCCC2)c2ccccn2)cc1	Cc1ccc(/C(=C\CN2CCCC2)c2ccccn2)cc1
C[C@@H](C(=O)O)c1ccc(-c2ccccc2)c(F)c1	C[C@@H](C(=O)O)c1ccc(-c2ccccc2)c(F)c1
O=C(/C=C/c1c(C(=O)O)[nH]c2cc(Cl)cc(Cl)c12)Nc1ccccc1	O=C(/C=C/c1c(C(=O)O)[nH]c2cc(Cl)cc(Cl)c12)Nc1ccccc1
CC(=O)O[C@H]1C(=O)[C@@]2(C)[C@H]([C@H](OC(=O)c3ccccc3)[C@]3(O)C[C@H](OC(=O)[C@H](O)[C@@H](NC(=O)c4ccccc4)c4ccccc4)C(C)=C1C3(C)C)[C@]1(OC(C)=O)CO[C@@H]1C[C@@H]2O	CC(=O)O[C@H]1C(=O)[C@@]2(C)[C@H]([C@H](OC(=O)c3ccccc3)[C@]3(O)C[C@H](OC(=O)[C@H](O)[C@@H](NC(=O)c4ccccc4)c4ccccc4)C(C)=C1C3(C)C)[C@]1(OC(C)=O)CO[C@@H]1C[C@@H]2O
